01/01/2003,3940.4
02/01/2003,4009.5
03/01/2003,4005
06/01/2003,4001.4
07/01/2003,3957.4
08/01/2003,3924.8
09/01/2003,3934
10/01/2003,3974.1
13/01/2003,3948.3
14/01/2003,3945.6
15/01/2003,3887.8
16/01/2003,3881.8
17/01/2003,3820.6
20/01/2003,3778.6
21/01/2003,3736.7
22/01/2003,3678
23/01/2003,3622.2
24/01/2003,3603.7
27/01/2003,3480.8
28/01/2003,3490
29/01/2003,3483.8
30/01/2003,3578.7
31/01/2003,3567.4
03/02/2003,3689.4
04/02/2003,3590.1
05/02/2003,3678.7
06/02/2003,3597
07/02/2003,3599.2
10/02/2003,3579.1
11/02/2003,3669.2
12/02/2003,3616.1
13/02/2003,3610.8
14/02/2003,3611.9
17/02/2003,3692.4
18/02/2003,3729.5
19/02/2003,3658.3
20/02/2003,3687.3
21/02/2003,3727.1
24/02/2003,3701.8
25/02/2003,3621.5
26/02/2003,3593.3
27/02/2003,3569.9
28/02/2003,3655.6
03/03/2003,3684.7
04/03/2003,3625.3
05/03/2003,3563.5
06/03/2003,3555.4
07/03/2003,3491.6
10/03/2003,3436.1
11/03/2003,3452.7
12/03/2003,3287
13/03/2003,3486.9
14/03/2003,3601.8
17/03/2003,3722.3
18/03/2003,3747.3
19/03/2003,3765.4
20/03/2003,3765.7
21/03/2003,3861.1
24/03/2003,3743.3
25/03/2003,3762
26/03/2003,3793.1
27/03/2003,3729.1
28/03/2003,3708.5
31/03/2003,3613.3
01/04/2003,3684.8
02/04/2003,3753.4
03/04/2003,3771.1
04/04/2003,3814.4
07/04/2003,3935.8
08/04/2003,3868.8
09/04/2003,3861.4
10/04/2003,3803.3
11/04/2003,3808.1
14/04/2003,3849.4
15/04/2003,3916.9
16/04/2003,3854.9
17/04/2003,3889.2
18/04/2003,3889.2
21/04/2003,3889.2
22/04/2003,3917.7
23/04/2003,3966.5
24/04/2003,3899
25/04/2003,3870.2
28/04/2003,3940.3
29/04/2003,3927.8
30/04/2003,3926
01/05/2003,3880.1
02/05/2003,3952.6
05/05/2003,3952.6
06/05/2003,4006.4
07/05/2003,3992.9
08/05/2003,3928.9
09/05/2003,3969.4
12/05/2003,3987.4
13/05/2003,3999.9
14/05/2003,3975
15/05/2003,4011.1
16/05/2003,4049
19/05/2003,3941.3
20/05/2003,3971.6
21/05/2003,3936.4
22/05/2003,3990.5
23/05/2003,3979.8
26/05/2003,3979.8
27/05/2003,3992.4
28/05/2003,4071.9
29/05/2003,4083.6
30/05/2003,4048.1
02/06/2003,4129.3
03/06/2003,4115.7
04/06/2003,4126.6
05/06/2003,4104.3
06/06/2003,4150.8
09/06/2003,4129.1
10/06/2003,4113
11/06/2003,4150.2
12/06/2003,4161.3
13/06/2003,4134.1
16/06/2003,4152.9
17/06/2003,4190.4
18/06/2003,4207
19/06/2003,4131.5
20/06/2003,4160.1
23/06/2003,4087.9
24/06/2003,4060.9
25/06/2003,4067.9
26/06/2003,4041.7
27/06/2003,4067.8
30/06/2003,4031.2
01/07/2003,3963.9
02/07/2003,4006.9
03/07/2003,4024.8
04/07/2003,4021.5
07/07/2003,4074.8
08/07/2003,4073.6
09/07/2003,4054.7
10/07/2003,4028.8
11/07/2003,4058.1
14/07/2003,4127.6
15/07/2003,4102.5
16/07/2003,4077.1
17/07/2003,4056.6
18/07/2003,4073.2
21/07/2003,4044.3
22/07/2003,4079.8
23/07/2003,4086.5
24/07/2003,4149.6
25/07/2003,4131.2
28/07/2003,4148.8
29/07/2003,4137
30/07/2003,4141.2
31/07/2003,4157
01/08/2003,4098.4
04/08/2003,4100.1
05/08/2003,4121
06/08/2003,4070.4
07/08/2003,4095.6
08/08/2003,4147.8
11/08/2003,4176.7
12/08/2003,4185.6
13/08/2003,4180.7
14/08/2003,4237.8
15/08/2003,4247.3
18/08/2003,4272.1
19/08/2003,4250.8
20/08/2003,4217.4
21/08/2003,4223.5
22/08/2003,4225.9
25/08/2003,4225.9
26/08/2003,4177.4
27/08/2003,4206.4
28/08/2003,4198
29/08/2003,4161.1
01/09/2003,4204.4
02/09/2003,4204.4
03/09/2003,4262.1
04/09/2003,4248.8
05/09/2003,4257.2
08/09/2003,4292.1
09/09/2003,4263.9
10/09/2003,4252.1
11/09/2003,4242.2
12/09/2003,4237.8
15/09/2003,4260.9
16/09/2003,4299
17/09/2003,4293
18/09/2003,4314.7
19/09/2003,4257
22/09/2003,4228.2
23/09/2003,4221.7
24/09/2003,4236.4
25/09/2003,4202.2
26/09/2003,4157.1
29/09/2003,4142.7
30/09/2003,4091.3
01/10/2003,4169.2
02/10/2003,4209.1
03/10/2003,4274
06/10/2003,4270.1
07/10/2003,4272
08/10/2003,4268.6
09/10/2003,4313.9
10/10/2003,4311
13/10/2003,4362.3
14/10/2003,4334.1
15/10/2003,4368.8
16/10/2003,4339.7
17/10/2003,4344
20/10/2003,4347.6
21/10/2003,4352.3
22/10/2003,4285.6
23/10/2003,4240.2
24/10/2003,4239
27/10/2003,4251.3
28/10/2003,4272.9
29/10/2003,4265.7
30/10/2003,4300.9
31/10/2003,4287.6
03/11/2003,4332.6
04/11/2003,4330.3
05/11/2003,4303.4
06/11/2003,4324.2
07/11/2003,4376.9
10/11/2003,4341.8
11/11/2003,4345.1
12/11/2003,4371.3
13/11/2003,4373
14/11/2003,4397
17/11/2003,4338.9
18/11/2003,4354.7
19/11/2003,4327.4
20/11/2003,4308
21/11/2003,4319
24/11/2003,4382.4
25/11/2003,4388.8
26/11/2003,4370.4
27/11/2003,4361.1
28/11/2003,4342.6
01/12/2003,4410
02/12/2003,4378.9
03/12/2003,4392
04/12/2003,4378.2
05/12/2003,4367
08/12/2003,4359.8
09/12/2003,4379.6
10/12/2003,4335.4
11/12/2003,4331.3
12/12/2003,4347.6
15/12/2003,4348
16/12/2003,4333
17/12/2003,4354.2
18/12/2003,4397.3
19/12/2003,4412.3
22/12/2003,4424
23/12/2003,4440.9
24/12/2003,4444.7
25/12/2003,4444.7
26/12/2003,4444.7
29/12/2003,4457.5
30/12/2003,4470.4
31/12/2003,4476.9
01/01/2004,4476.9
02/01/2004,4510.2
05/01/2004,4513.3
06/01/2004,4505.2
07/01/2004,4473
08/01/2004,4494.2
09/01/2004,4466.3
12/01/2004,4449.6
13/01/2004,4440.1
14/01/2004,4461.4
15/01/2004,4456.1
16/01/2004,4487.9
19/01/2004,4518.1
20/01/2004,4499.3
21/01/2004,4511.2
22/01/2004,4476.8
23/01/2004,4460.8
26/01/2004,4445.5
27/01/2004,4447
28/01/2004,4468.1
29/01/2004,4411.5
30/01/2004,4390.7
02/02/2004,4381.4
03/02/2004,4390.6
04/02/2004,4398.5
05/02/2004,4384.4
06/02/2004,4402.7
09/02/2004,4434.4
10/02/2004,4405
11/02/2004,4396.1
12/02/2004,4377.7
13/02/2004,4412
16/02/2004,4408.1
17/02/2004,4461.5
18/02/2004,4442.9
19/02/2004,4515.6
20/02/2004,4515
23/02/2004,4524.3
24/02/2004,4496.8
25/02/2004,4507.6
26/02/2004,4515.9
27/02/2004,4492.2
01/03/2004,4537
02/03/2004,4540.1
03/03/2004,4525.1
04/03/2004,4559.1
05/03/2004,4547.1
08/03/2004,4553.8
09/03/2004,4542
10/03/2004,4545.3
11/03/2004,4445.2
12/03/2004,4467.4
15/03/2004,4412.9
16/03/2004,4428.9
17/03/2004,4456.8
18/03/2004,4397.9
19/03/2004,4417.7
22/03/2004,4333.8
23/03/2004,4318.5
24/03/2004,4309.5
25/03/2004,4373.6
26/03/2004,4357.5
29/03/2004,4406.7
30/03/2004,4412.8
31/03/2004,4385.7
01/04/2004,4410.7
02/04/2004,4465.6
05/04/2004,4480.7
06/04/2004,4472.8
07/04/2004,4468.7
08/04/2004,4489.7
09/04/2004,4489.7
12/04/2004,4489.7
13/04/2004,4515.8
14/04/2004,4485.4
15/04/2004,4505.5
16/04/2004,4537.3
19/04/2004,4546.2
20/04/2004,4569
21/04/2004,4539.9
22/04/2004,4571.8
23/04/2004,4570
26/04/2004,4571.9
27/04/2004,4575.7
28/04/2004,4524.5
29/04/2004,4519.5
30/04/2004,4489.7
03/05/2004,4489.7
04/05/2004,4547.2
05/05/2004,4569.5
06/05/2004,4516.2
07/05/2004,4498.4
10/05/2004,4395.2
11/05/2004,4454.7
12/05/2004,4412.9
13/05/2004,4453.8
14/05/2004,4441.8
17/05/2004,4403
18/05/2004,4414.4
19/05/2004,4471.8
20/05/2004,4428.7
21/05/2004,4431.4
24/05/2004,4428.9
25/05/2004,4418
26/05/2004,4438.3
27/05/2004,4453.6
28/05/2004,4430.7
31/05/2004,4430.7
01/06/2004,4422.7
02/06/2004,4422.8
03/06/2004,4435.4
04/06/2004,4454.5
07/06/2004,4491.6
08/06/2004,4504.8
09/06/2004,4489.5
10/06/2004,4486.1
11/06/2004,4484
14/06/2004,4433.2
15/06/2004,4458.6
16/06/2004,4491.1
17/06/2004,4493.3
18/06/2004,4505.8
21/06/2004,4502.2
22/06/2004,4468.5
23/06/2004,4486.7
24/06/2004,4503.2
25/06/2004,4494.1
28/06/2004,4518.7
29/06/2004,4512.4
30/06/2004,4464.1
01/07/2004,4424.7
02/07/2004,4407.4
05/07/2004,4403.3
06/07/2004,4370.7
07/07/2004,4358.4
08/07/2004,4381.1
09/07/2004,4393.2
12/07/2004,4360
13/07/2004,4357.7
14/07/2004,4372.6
15/07/2004,4340.7
16/07/2004,4339.2
19/07/2004,4321.1
20/07/2004,4339.4
21/07/2004,4377.3
22/07/2004,4306.3
23/07/2004,4326.3
26/07/2004,4287
27/07/2004,4324.9
28/07/2004,4356.3
29/07/2004,4418.7
30/07/2004,4413.1
02/08/2004,4415.7
03/08/2004,4429.7
04/08/2004,4408.1
05/08/2004,4413.4
06/08/2004,4337.9
09/08/2004,4314.4
10/08/2004,4350.9
11/08/2004,4312.2
12/08/2004,4328.1
13/08/2004,4301.5
16/08/2004,4350.2
17/08/2004,4358.7
18/08/2004,4355.3
19/08/2004,4362.6
20/08/2004,4369.2
23/08/2004,4405.3
24/08/2004,4407.5
25/08/2004,4411.6
26/08/2004,4453.9
27/08/2004,4490.1
30/08/2004,4490.1
31/08/2004,4459.3
01/09/2004,4502.1
02/09/2004,4518.6
03/09/2004,4550.8
06/09/2004,4563.8
07/09/2004,4565.6
08/09/2004,4558.4
09/09/2004,4538
10/09/2004,4545
13/09/2004,4558.5
14/09/2004,4545.6
15/09/2004,4548.5
16/09/2004,4556.5
17/09/2004,4591
20/09/2004,4579.5
21/09/2004,4608.4
22/09/2004,4592.3
23/09/2004,4568.3
24/09/2004,4578.1
27/09/2004,4541.2
28/09/2004,4567.3
29/09/2004,4588.1
30/09/2004,4570.8
01/10/2004,4659.7
04/10/2004,4681.8
05/10/2004,4707.1
06/10/2004,4706.3
07/10/2004,4698.7
08/10/2004,4698.9
11/10/2004,4685.5
12/10/2004,4647.9
13/10/2004,4634.8
14/10/2004,4629.4
15/10/2004,4622.7
18/10/2004,4626.6
19/10/2004,4655.2
20/10/2004,4616.4
21/10/2004,4617.4
22/10/2004,4615.4
25/10/2004,4564.6
26/10/2004,4583.4
27/10/2004,4630.1
28/10/2004,4642.8
29/10/2004,4624.2
01/11/2004,4673.8
02/11/2004,4693.2
03/11/2004,4718.5
04/11/2004,4728.3
05/11/2004,4739.8
08/11/2004,4716.6
09/11/2004,4717.7
10/11/2004,4734.5
11/11/2004,4776.9
12/11/2004,4793.9
15/11/2004,4803.1
16/11/2004,4770.4
17/11/2004,4795.9
18/11/2004,4805.3
19/11/2004,4760.8
22/11/2004,4733.1
23/11/2004,4742.4
24/11/2004,4719.4
25/11/2004,4753.4
26/11/2004,4741.6
29/11/2004,4749.8
30/11/2004,4703.2
01/12/2004,4735.7
02/12/2004,4751.2
03/12/2004,4747.9
06/12/2004,4722.8
07/12/2004,4728.7
08/12/2004,4703.9
09/12/2004,4688.4
10/12/2004,4694
13/12/2004,4736.8
14/12/2004,4722.8
15/12/2004,4728.2
16/12/2004,4735.2
17/12/2004,4696.8
20/12/2004,4731.1
21/12/2004,4733
22/12/2004,4777.4
23/12/2004,4787.7
24/12/2004,4798.1
27/12/2004,4798.1
28/12/2004,4798.1
29/12/2004,4819.8
30/12/2004,4820.1
31/12/2004,4814.3
03/01/2005,4814.3
04/01/2005,4847
05/01/2005,4806
06/01/2005,4824.3
07/01/2005,4854.1
10/01/2005,4840.7
11/01/2005,4818.7
12/01/2005,4783.6
13/01/2005,4800.3
14/01/2005,4820.8
17/01/2005,4846.7
18/01/2005,4823.9
19/01/2005,4818.3
20/01/2005,4800.8
21/01/2005,4803.3
24/01/2005,4812.5
25/01/2005,4843.2
26/01/2005,4847.1
27/01/2005,4853.4
28/01/2005,4832.8
31/01/2005,4852.3
01/02/2005,4906.2
02/02/2005,4916.2
03/02/2005,4908.3
04/02/2005,4941.5
07/02/2005,4979.8
08/02/2005,4995.5
09/02/2005,4990.4
10/02/2005,5000
11/02/2005,5044.2
14/02/2005,5041.8
15/02/2005,5058.9
16/02/2005,5053.2
17/02/2005,5057.4
18/02/2005,5057.2
21/02/2005,5060.8
22/02/2005,5032.9
23/02/2005,4988.5
24/02/2005,4972.1
25/02/2005,5006.8
28/02/2005,4968.5
01/03/2005,5000.5
02/03/2005,4992.8
03/03/2005,5014.8
04/03/2005,5036.3
07/03/2005,5027.2
08/03/2005,5010.9
09/03/2005,4996.1
10/03/2005,4962.1
11/03/2005,4982.1
14/03/2005,4975
15/03/2005,5000.2
16/03/2005,4937.6
17/03/2005,4922.1
18/03/2005,4923.3
21/03/2005,4933.5
22/03/2005,4937.3
23/03/2005,4910.4
24/03/2005,4922.5
25/03/2005,4922.5
28/03/2005,4922.5
29/03/2005,4919
30/03/2005,4900.7
31/03/2005,4894.4
01/04/2005,4914
04/04/2005,4896.7
05/04/2005,4942.9
06/04/2005,4947.4
07/04/2005,4977
08/04/2005,4983.7
11/04/2005,4973.3
12/04/2005,4946.2
13/04/2005,4960.8
14/04/2005,4945.4
15/04/2005,4891.6
18/04/2005,4827.1
19/04/2005,4855.6
20/04/2005,4822
21/04/2005,4819.6
22/04/2005,4849.3
25/04/2005,4864.9
26/04/2005,4845.5
27/04/2005,4789.4
28/04/2005,4790.2
29/04/2005,4801.7
02/05/2005,4801.7
03/05/2005,4861.3
04/05/2005,4882.5
05/05/2005,4902.3
06/05/2005,4918.9
09/05/2005,4910.3
10/05/2005,4892.4
11/05/2005,4875.4
12/05/2005,4893.3
13/05/2005,4886.5
16/05/2005,4884.2
17/05/2005,4898.5
18/05/2005,4949.4
19/05/2005,4962.7
20/05/2005,4971.8
23/05/2005,4989.8
24/05/2005,4982.5
25/05/2005,4971.5
26/05/2005,4994.9
27/05/2005,4986.3
30/05/2005,4986.3
31/05/2005,4964
01/06/2005,5011
02/06/2005,5005
03/06/2005,4999.4
06/06/2005,4980.4
07/06/2005,5025.3
08/06/2005,5003.7
09/06/2005,5009.2
10/06/2005,5030.4
13/06/2005,5050.4
14/06/2005,5046.8
15/06/2005,5019.5
16/06/2005,5045
17/06/2005,5077.6
20/06/2005,5072
21/06/2005,5082.1
22/06/2005,5099.3
23/06/2005,5114.4
24/06/2005,5079
27/06/2005,5043.5
28/06/2005,5090.4
29/06/2005,5109.1
30/06/2005,5113.2
01/07/2005,5161
04/07/2005,5184.3
05/07/2005,5190.1
06/07/2005,5229.6
07/07/2005,5158.3
08/07/2005,5232.2
11/07/2005,5242.4
12/07/2005,5217.2
13/07/2005,5245.9
14/07/2005,5259.7
15/07/2005,5230.9
18/07/2005,5214.2
19/07/2005,5201.6
20/07/2005,5215.2
21/07/2005,5221.6
22/07/2005,5241.8
25/07/2005,5270.7
26/07/2005,5256.2
27/07/2005,5263.6
28/07/2005,5270.3
29/07/2005,5282.3
01/08/2005,5290.9
02/08/2005,5327.5
03/08/2005,5332.3
04/08/2005,5315.5
05/08/2005,5314.8
08/08/2005,5344.3
09/08/2005,5363.7
10/08/2005,5377.5
11/08/2005,5358.6
12/08/2005,5345.8
15/08/2005,5344.2
16/08/2005,5322.4
17/08/2005,5292.7
18/08/2005,5269.3
19/08/2005,5312.6
22/08/2005,5318.4
23/08/2005,5300.2
24/08/2005,5275.2
25/08/2005,5255.7
26/08/2005,5228.1
29/08/2005,5228.1
30/08/2005,5255.8
31/08/2005,5296.9
01/09/2005,5328.5
02/09/2005,5326.9
05/09/2005,5337.8
06/09/2005,5359.2
07/09/2005,5365.9
08/09/2005,5340.8
09/09/2005,5359.3
12/09/2005,5375.1
13/09/2005,5338
14/09/2005,5347.4
15/09/2005,5383.5
16/09/2005,5407.9
19/09/2005,5429.7
20/09/2005,5416.4
21/09/2005,5369.7
22/09/2005,5385.7
23/09/2005,5413.6
26/09/2005,5453.1
27/09/2005,5447.3
28/09/2005,5494.8
29/09/2005,5478.2
30/09/2005,5477.7
03/10/2005,5501.6
04/10/2005,5494.4
05/10/2005,5427.8
06/10/2005,5372.4
07/10/2005,5362.3
10/10/2005,5374.6
11/10/2005,5380.7
12/10/2005,5342.2
13/10/2005,5265.2
14/10/2005,5275
17/10/2005,5286.5
18/10/2005,5263.9
19/10/2005,5167.9
20/10/2005,5164.1
21/10/2005,5142.1
24/10/2005,5207.6
25/10/2005,5182.1
26/10/2005,5227.8
27/10/2005,5182.8
28/10/2005,5213.4
31/10/2005,5317.3
01/11/2005,5344.3
02/11/2005,5358.6
03/11/2005,5431.9
04/11/2005,5423.6
07/11/2005,5460.8
08/11/2005,5460.9
09/11/2005,5439.8
10/11/2005,5423.5
11/11/2005,5465.1
14/11/2005,5470
15/11/2005,5439.6
16/11/2005,5430
17/11/2005,5460
18/11/2005,5498.9
21/11/2005,5497.9
22/11/2005,5517.2
23/11/2005,5531.7
24/11/2005,5511
25/11/2005,5523.8
28/11/2005,5477.4
29/11/2005,5491
30/11/2005,5423.2
01/12/2005,5486.1
02/12/2005,5528.1
05/12/2005,5510.4
06/12/2005,5538.8
07/12/2005,5528.8
08/12/2005,5531.1
09/12/2005,5517.4
12/12/2005,5501.5
13/12/2005,5507.2
14/12/2005,5521.1
15/12/2005,5495.3
16/12/2005,5531.6
19/12/2005,5539.8
20/12/2005,5547.9
21/12/2005,5587.4
22/12/2005,5597
23/12/2005,5595.5
26/12/2005,5595.5
27/12/2005,5595.5
28/12/2005,5622.8
29/12/2005,5638.3
30/12/2005,5618.8
02/01/2006,5618.8
03/01/2006,5681.5
04/01/2006,5714.6
05/01/2006,5691.2
06/01/2006,5731.8
09/01/2006,5731.5
10/01/2006,5688.8
11/01/2006,5731.5
12/01/2006,5735.2
13/01/2006,5711
16/01/2006,5740.2
17/01/2006,5699
18/01/2006,5663.7
19/01/2006,5693.2
20/01/2006,5672.4
23/01/2006,5660.9
24/01/2006,5633.8
25/01/2006,5704.4
26/01/2006,5722.6
27/01/2006,5786.8
30/01/2006,5779.8
31/01/2006,5760.3
01/02/2006,5801.6
02/02/2006,5747.3
03/02/2006,5759.3
06/02/2006,5772.4
07/02/2006,5746.8
08/02/2006,5725.1
09/02/2006,5808.8
10/02/2006,5764.1
13/02/2006,5793.5
14/02/2006,5792.3
15/02/2006,5791.5
16/02/2006,5828.9
17/02/2006,5846.2
20/02/2006,5863
21/02/2006,5857.7
22/02/2006,5872.4
23/02/2006,5836
24/02/2006,5860.5
27/02/2006,5875.9
28/02/2006,5791.5
01/03/2006,5844.1
02/03/2006,5833
03/03/2006,5858.7
06/03/2006,5897.8
07/03/2006,5857.4
08/03/2006,5812.9
09/03/2006,5855.9
10/03/2006,5907.9
13/03/2006,5952.8
14/03/2006,5950.6
15/03/2006,5965.1
16/03/2006,5993.3
17/03/2006,5999.4
20/03/2006,5991.7
21/03/2006,5991.3
22/03/2006,6007.5
23/03/2006,5990.1
24/03/2006,6036.3
27/03/2006,5972.2
28/03/2006,5935.7
29/03/2006,5959.2
30/03/2006,6015.3
31/03/2006,5964.6
03/04/2006,6024.3
04/04/2006,6004.7
05/04/2006,6044.1
06/04/2006,6045.7
07/04/2006,6026.1
10/04/2006,6067
11/04/2006,6016.5
12/04/2006,6000.8
13/04/2006,6029.4
14/04/2006,6029.4
17/04/2006,6029.4
18/04/2006,6044.1
19/04/2006,6089.8
20/04/2006,6081.4
21/04/2006,6132.7
24/04/2006,6098.7
25/04/2006,6086.6
26/04/2006,6104.3
27/04/2006,6060
28/04/2006,6023.1
01/05/2006,6023.1
02/05/2006,6082.1
03/05/2006,6010
04/05/2006,6036.9
05/05/2006,6091.7
08/05/2006,6067.1
09/05/2006,6105.6
10/05/2006,6083.4
11/05/2006,6042
12/05/2006,5912.1
15/05/2006,5841.3
16/05/2006,5846.2
17/05/2006,5675.5
18/05/2006,5671.6
19/05/2006,5657.4
22/05/2006,5532.7
23/05/2006,5678.7
24/05/2006,5587.1
25/05/2006,5677.7
26/05/2006,5791
29/05/2006,5791
30/05/2006,5652
31/05/2006,5723.8
01/06/2006,5749.7
02/06/2006,5764.6
05/06/2006,5762.1
06/06/2006,5669.8
07/06/2006,5706.3
08/06/2006,5562.9
09/06/2006,5655.2
12/06/2006,5620.9
13/06/2006,5519.6
14/06/2006,5506.8
15/06/2006,5619.3
16/06/2006,5597.4
19/06/2006,5626.1
20/06/2006,5658.2
21/06/2006,5665
22/06/2006,5684.1
23/06/2006,5692.1
26/06/2006,5681.2
27/06/2006,5652.3
28/06/2006,5678.6
29/06/2006,5791.5
30/06/2006,5833.4
03/07/2006,5884.4
04/07/2006,5883.5
05/07/2006,5826.7
06/07/2006,5890
07/07/2006,5888.9
10/07/2006,5896.9
11/07/2006,5857.3
12/07/2006,5860.6
13/07/2006,5765
14/07/2006,5707.6
17/07/2006,5701
18/07/2006,5681.7
19/07/2006,5778
20/07/2006,5770.9
21/07/2006,5719.7
24/07/2006,5833.9
25/07/2006,5851.2
26/07/2006,5877.1
27/07/2006,5929.5
28/07/2006,5974.9
31/07/2006,5928.3
01/08/2006,5880.8
02/08/2006,5932.1
03/08/2006,5838.4
04/08/2006,5889.4
07/08/2006,5828.8
08/08/2006,5818.1
09/08/2006,5860.5
10/08/2006,5823.4
11/08/2006,5820.1
14/08/2006,5870.9
15/08/2006,5897.9
16/08/2006,5896.6
17/08/2006,5900.4
18/08/2006,5903.4
21/08/2006,5915.2
22/08/2006,5902.6
23/08/2006,5860
24/08/2006,5869.1
25/08/2006,5878.6
28/08/2006,5878.6
29/08/2006,5888.3
30/08/2006,5929.3
31/08/2006,5906.1
01/09/2006,5949.2
04/09/2006,5986.6
05/09/2006,5981.7
06/09/2006,5929.3
07/09/2006,5858.1
08/09/2006,5879.3
11/09/2006,5850.8
12/09/2006,5895.5
13/09/2006,5892.2
14/09/2006,5877.2
15/09/2006,5877
18/09/2006,5890.3
19/09/2006,5831.8
20/09/2006,5866.2
21/09/2006,5896.7
22/09/2006,5822.3
25/09/2006,5798.3
26/09/2006,5873.6
27/09/2006,5930.1
28/09/2006,5971.3
29/09/2006,5960.8
02/10/2006,5957.8
03/10/2006,5937.1
04/10/2006,5966.5
05/10/2006,6004.5
06/10/2006,6001.2
09/10/2006,6030.9
10/10/2006,6072.7
11/10/2006,6073.5
12/10/2006,6121.3
13/10/2006,6157.3
16/10/2006,6172.4
17/10/2006,6108.6
18/10/2006,6150.4
19/10/2006,6156
20/10/2006,6155.2
23/10/2006,6166.1
24/10/2006,6182.5
25/10/2006,6214.6
26/10/2006,6184.8
27/10/2006,6160.9
30/10/2006,6126.8
31/10/2006,6129.2
01/11/2006,6149.6
02/11/2006,6149.3
03/11/2006,6148.1
06/11/2006,6224.5
07/11/2006,6244
08/11/2006,6239
09/11/2006,6231.5
10/11/2006,6208.4
13/11/2006,6194.2
14/11/2006,6186.6
15/11/2006,6229.8
16/11/2006,6254.9
17/11/2006,6192
20/11/2006,6204.5
21/11/2006,6202.6
22/11/2006,6160.3
23/11/2006,6140
24/11/2006,6122.1
27/11/2006,6050.1
28/11/2006,6025.9
29/11/2006,6084.4
30/11/2006,6048.9
01/12/2006,6021.5
04/12/2006,6050.4
05/12/2006,6086.4
06/12/2006,6090.4
07/12/2006,6131.5
08/12/2006,6152.4
11/12/2006,6159.8
12/12/2006,6156.4
13/12/2006,6192.5
14/12/2006,6228
15/12/2006,6260
18/12/2006,6247.4
19/12/2006,6204
20/12/2006,6198.6
21/12/2006,6183.7
22/12/2006,6190
25/12/2006,6190
26/12/2006,6190
27/12/2006,6245.2
28/12/2006,6241
29/12/2006,6220.8
01/01/2007,6220.8
02/01/2007,6310.9
03/01/2007,6319
04/01/2007,6287
05/01/2007,6220.1
08/01/2007,6194.2
09/01/2007,6196.1
10/01/2007,6160.7
11/01/2007,6230.1
12/01/2007,6239
15/01/2007,6263.5
16/01/2007,6215.7
17/01/2007,6204.5
18/01/2007,6210.3
19/01/2007,6237.2
22/01/2007,6218.4
23/01/2007,6227.6
24/01/2007,6314.8
25/01/2007,6269.3
26/01/2007,6228
29/01/2007,6239.9
30/01/2007,6242
31/01/2007,6203.1
01/02/2007,6282.2
02/02/2007,6310.9
05/02/2007,6317.9
06/02/2007,6346.3
07/02/2007,6369.5
08/02/2007,6346.4
09/02/2007,6382.8
12/02/2007,6353.5
13/02/2007,6381.8
14/02/2007,6421.2
15/02/2007,6433.3
16/02/2007,6419.5
19/02/2007,6444.4
20/02/2007,6412.3
21/02/2007,6357.1
22/02/2007,6380.9
23/02/2007,6401.5
26/02/2007,6434.7
27/02/2007,6286.1
28/02/2007,6171.5
01/03/2007,6116
02/03/2007,6116.2
05/03/2007,6058.7
06/03/2007,6138.5
07/03/2007,6156.5
08/03/2007,6227.7
09/03/2007,6245.2
12/03/2007,6233.3
13/03/2007,6161.2
14/03/2007,6000.7
15/03/2007,6133.2
16/03/2007,6130.6
19/03/2007,6189.4
20/03/2007,6220.3
21/03/2007,6256.8
22/03/2007,6318
23/03/2007,6339.4
26/03/2007,6291.9
27/03/2007,6292.6
28/03/2007,6267.2
29/03/2007,6324.2
30/03/2007,6308
02/04/2007,6315.5
03/04/2007,6366.1
04/04/2007,6364.7
05/04/2007,6397.3
06/04/2007,6397.3
09/04/2007,6397.3
10/04/2007,6417.8
11/04/2007,6413.3
12/04/2007,6416.4
13/04/2007,6462.4
16/04/2007,6516.2
17/04/2007,6497.8
18/04/2007,6449.4
19/04/2007,6440.6
20/04/2007,6486.8
23/04/2007,6479.7
24/04/2007,6429.5
25/04/2007,6462
26/04/2007,6469.4
27/04/2007,6418.7
30/04/2007,6449.2
01/05/2007,6419.6
02/05/2007,6484.5
03/05/2007,6537.8
04/05/2007,6603.7
07/05/2007,6603.7
08/05/2007,6550.4
09/05/2007,6549.6
10/05/2007,6524.1
11/05/2007,6565.7
14/05/2007,6555.5
15/05/2007,6568.7
16/05/2007,6559.5
17/05/2007,6579.3
18/05/2007,6640.9
21/05/2007,6636.8
22/05/2007,6606.6
23/05/2007,6616.4
24/05/2007,6565.5
25/05/2007,6570.6
28/05/2007,6570.6
29/05/2007,6606.5
30/05/2007,6602.1
31/05/2007,6621.5
01/06/2007,6676.7
04/06/2007,6664.1
05/06/2007,6632.8
06/06/2007,6522.7
07/06/2007,6505.1
08/06/2007,6505.1
11/06/2007,6567.5
12/06/2007,6520.5
13/06/2007,6559.6
14/06/2007,6649.9
15/06/2007,6732.4
18/06/2007,6703.5
19/06/2007,6650.2
20/06/2007,6649.3
21/06/2007,6596
22/06/2007,6567.4
25/06/2007,6588.4
26/06/2007,6559.3
27/06/2007,6527.6
28/06/2007,6571.3
29/06/2007,6607.9
02/07/2007,6590.6
03/07/2007,6639.8
04/07/2007,6673.1
05/07/2007,6635.2
06/07/2007,6690.1
09/07/2007,6712.7
10/07/2007,6630.9
11/07/2007,6615.1
12/07/2007,6697.7
13/07/2007,6716.7
16/07/2007,6697.7
17/07/2007,6659.2
18/07/2007,6567.1
19/07/2007,6640.2
20/07/2007,6585.2
23/07/2007,6624.4
24/07/2007,6498.7
25/07/2007,6454.3
26/07/2007,6251.2
27/07/2007,6215.2
30/07/2007,6206.1
31/07/2007,6360.1
01/08/2007,6250.6
02/08/2007,6300.3
03/08/2007,6224.3
06/08/2007,6189.1
07/08/2007,6308.8
08/08/2007,6393.9
09/08/2007,6271.2
10/08/2007,6038.3
13/08/2007,6219
14/08/2007,6143.5
15/08/2007,6109.3
16/08/2007,5858.9
17/08/2007,6064.2
20/08/2007,6078.7
21/08/2007,6086.1
22/08/2007,6196
23/08/2007,6196.9
24/08/2007,6220.1
27/08/2007,6220.1
28/08/2007,6102.2
29/08/2007,6132.2
30/08/2007,6212
31/08/2007,6303.3
03/09/2007,6315.2
04/09/2007,6376.8
05/09/2007,6270.7
06/09/2007,6313.3
07/09/2007,6191.2
10/09/2007,6134.1
11/09/2007,6280.7
12/09/2007,6306.2
13/09/2007,6363.9
14/09/2007,6289.3
17/09/2007,6182.8
18/09/2007,6283.3
19/09/2007,6460
20/09/2007,6429
21/09/2007,6456.7
24/09/2007,6465.9
25/09/2007,6396.9
26/09/2007,6433
27/09/2007,6486.4
28/09/2007,6466.8
01/10/2007,6506.3
02/10/2007,6500.4
03/10/2007,6535.2
04/10/2007,6547.9
05/10/2007,6595.8
08/10/2007,6540.9
09/10/2007,6615.4
10/10/2007,6633
11/10/2007,6724.5
12/10/2007,6730.7
15/10/2007,6644.5
16/10/2007,6614.3
17/10/2007,6677.7
18/10/2007,6609.4
19/10/2007,6527.9
22/10/2007,6459.3
23/10/2007,6514
24/10/2007,6482
25/10/2007,6576.3
26/10/2007,6661.3
29/10/2007,6706
30/10/2007,6659
31/10/2007,6721.6
01/11/2007,6586.1
02/11/2007,6530.6
05/11/2007,6461.4
06/11/2007,6474.9
07/11/2007,6385.1
08/11/2007,6381.9
09/11/2007,6304.9
12/11/2007,6337.9
13/11/2007,6362.4
14/11/2007,6432.1
15/11/2007,6359.6
16/11/2007,6291.2
19/11/2007,6120.8
20/11/2007,6226.5
21/11/2007,6070.9
22/11/2007,6155.3
23/11/2007,6262.1
26/11/2007,6180.5
27/11/2007,6140.7
28/11/2007,6306.2
29/11/2007,6349.1
30/11/2007,6432.5
03/12/2007,6386.6
04/12/2007,6315.2
05/12/2007,6493.8
06/12/2007,6485.6
07/12/2007,6554.9
10/12/2007,6565.4
11/12/2007,6536.9
12/12/2007,6559.8
13/12/2007,6364.2
14/12/2007,6397
17/12/2007,6277.8
18/12/2007,6279.3
19/12/2007,6284.5
20/12/2007,6345.6
21/12/2007,6434.1
24/12/2007,6479.3
25/12/2007,6479.3
26/12/2007,6479.3
27/12/2007,6497.8
28/12/2007,6476.9
31/12/2007,6456.9
01/01/2008,6456.9
02/01/2008,6416.7
03/01/2008,6479.4
04/01/2008,6348.5
07/01/2008,6335.7
08/01/2008,6356.5
09/01/2008,6272.7
10/01/2008,6222.7
11/01/2008,6202
14/01/2008,6215.7
15/01/2008,6025.6
16/01/2008,5942.9
17/01/2008,5902.4
18/01/2008,5901.7
21/01/2008,5578.2
22/01/2008,5740.1
23/01/2008,5609.4
24/01/2008,5875.8
25/01/2008,5869
28/01/2008,5788.9
29/01/2008,5885.2
30/01/2008,5837.3
31/01/2008,5879.8
01/02/2008,6029.2
04/02/2008,6026.2
05/02/2008,5868
06/02/2008,5875.4
07/02/2008,5724.1
08/02/2008,5784
11/02/2008,5707.7
12/02/2008,5910
13/02/2008,5880.1
14/02/2008,5879.3
15/02/2008,5787.6
18/02/2008,5946.6
19/02/2008,5966.9
20/02/2008,5893.6
21/02/2008,5932.2
22/02/2008,5888.5
25/02/2008,5999.5
26/02/2008,6087.4
27/02/2008,6076.5
28/02/2008,5965.7
29/02/2008,5884.3
03/03/2008,5818.6
04/03/2008,5767.7
05/03/2008,5853.5
06/03/2008,5766.4
07/03/2008,5699.9
10/03/2008,5629.1
11/03/2008,5690.4
12/03/2008,5776.4
13/03/2008,5692.4
14/03/2008,5631.7
17/03/2008,5414.4
18/03/2008,5605.8
19/03/2008,5545.6
20/03/2008,5495.2
21/03/2008,5495.2
24/03/2008,5495.2
25/03/2008,5689.1
26/03/2008,5660.4
27/03/2008,5717.5
28/03/2008,5692.9
31/03/2008,5702.1
01/04/2008,5852.6
02/04/2008,5915.9
03/04/2008,5891.3
04/04/2008,5947.1
07/04/2008,6014.8
08/04/2008,5990.2
09/04/2008,5983.9
10/04/2008,5965.1
11/04/2008,5895.5
14/04/2008,5831.6
15/04/2008,5906.9
16/04/2008,6046.2
17/04/2008,5980.4
18/04/2008,6056.6
21/04/2008,6053
22/04/2008,6034.7
23/04/2008,6083.6
24/04/2008,6050.7
25/04/2008,6091.4
28/04/2008,6090.4
29/04/2008,6089.4
30/04/2008,6087.3
01/05/2008,6087.3
02/05/2008,6215.5
05/05/2008,6215.5
06/05/2008,6215.3
07/05/2008,6261
08/05/2008,6270.8
09/05/2008,6204.7
12/05/2008,6220.7
13/05/2008,6211.9
14/05/2008,6216
15/05/2008,6251.8
16/05/2008,6304.3
19/05/2008,6376.5
20/05/2008,6191.6
21/05/2008,6198.1
22/05/2008,6181.6
23/05/2008,6087.3
26/05/2008,6087.3
27/05/2008,6058.5
28/05/2008,6069.6
29/05/2008,6068.1
30/05/2008,6053.5
02/06/2008,6007.6
03/06/2008,6057.7
04/06/2008,5970.1
05/06/2008,5995.3
06/06/2008,5906.8
09/06/2008,5877.6
10/06/2008,5827.3
11/06/2008,5723.3
12/06/2008,5790.5
13/06/2008,5802.8
16/06/2008,5794.6
17/06/2008,5861.9
18/06/2008,5756.9
19/06/2008,5708.4
20/06/2008,5620.8
23/06/2008,5667.2
24/06/2008,5634.7
25/06/2008,5666.1
26/06/2008,5518.2
27/06/2008,5530
30/06/2008,5625.9
01/07/2008,5479.9
02/07/2008,5426.3
03/07/2008,5476.6
04/07/2008,5412.8
07/07/2008,5512.7
08/07/2008,5440.5
09/07/2008,5529.6
10/07/2008,5406.8
11/07/2008,5261.6
14/07/2008,5300.4
15/07/2008,5171.9
16/07/2008,5150.6
17/07/2008,5286.3
18/07/2008,5376.4
21/07/2008,5404.3
22/07/2008,5364.2
23/07/2008,5449.9
24/07/2008,5362.3
25/07/2008,5352.6
28/07/2008,5312.6
29/07/2008,5319.2
30/07/2008,5420.7
31/07/2008,5411.9
01/08/2008,5354.7
04/08/2008,5320.2
05/08/2008,5454.5
06/08/2008,5486.1
07/08/2008,5477.5
08/08/2008,5489.2
11/08/2008,5541.8
12/08/2008,5534.5
13/08/2008,5448.6
14/08/2008,5497.5
15/08/2008,5454.8
18/08/2008,5450.2
19/08/2008,5320.4
20/08/2008,5371.8
21/08/2008,5370.2
22/08/2008,5505.6
25/08/2008,5505.6
26/08/2008,5470.7
27/08/2008,5528.2
28/08/2008,5601.2
29/08/2008,5636.6
01/09/2008,5602.8
02/09/2008,5620.7
03/09/2008,5499.7
04/09/2008,5362.1
05/09/2008,5240.7
08/09/2008,5446.3
09/09/2008,5415.6
10/09/2008,5366.2
11/09/2008,5318.4
12/09/2008,5416.7
15/09/2008,5204.2
16/09/2008,5025.6
17/09/2008,4912.4
18/09/2008,4880
19/09/2008,5311.3
22/09/2008,5236.3
23/09/2008,5136.1
24/09/2008,5095.6
25/09/2008,5197
26/09/2008,5088.5
29/09/2008,4818.8
30/09/2008,4902.5
01/10/2008,4959.6
02/10/2008,4870.3
03/10/2008,4980.3
06/10/2008,4589.2
07/10/2008,4605.2
08/10/2008,4366.7
09/10/2008,4313.8
10/10/2008,3932.1
13/10/2008,4256.9
14/10/2008,4394.2
15/10/2008,4079.6
16/10/2008,3861.4
17/10/2008,4063
20/10/2008,4282.7
21/10/2008,4229.7
22/10/2008,4040.9
23/10/2008,4087.8
24/10/2008,3883.4
27/10/2008,3852.6
28/10/2008,3926.4
29/10/2008,4242.5
30/10/2008,4291.7
31/10/2008,4377.3
03/11/2008,4443.3
04/11/2008,4639.5
05/11/2008,4530.7
06/11/2008,4272.4
07/11/2008,4365
10/11/2008,4403.9
11/11/2008,4246.7
12/11/2008,4182
13/11/2008,4169.2
14/11/2008,4233
17/11/2008,4132.2
18/11/2008,4208.6
19/11/2008,4005.7
20/11/2008,3875
21/11/2008,3781
24/11/2008,4153
25/11/2008,4171.3
26/11/2008,4152.7
27/11/2008,4226.1
28/11/2008,4288
01/12/2008,4065.5
02/12/2008,4122.9
03/12/2008,4170
04/12/2008,4163.6
05/12/2008,4049.4
08/12/2008,4300.1
09/12/2008,4381.3
10/12/2008,4367.3
11/12/2008,4388.7
12/12/2008,4280.4
15/12/2008,4277.6
16/12/2008,4309.1
17/12/2008,4324.2
18/12/2008,4330.7
19/12/2008,4286.9
22/12/2008,4249.2
23/12/2008,4256
24/12/2008,4216.6
25/12/2008,4216.6
26/12/2008,4216.6
29/12/2008,4319.4
30/12/2008,4392.7
31/12/2008,4434.2
01/01/2009,4434.2
02/01/2009,4561.8
05/01/2009,4579.6
06/01/2009,4638.9
07/01/2009,4507.5
08/01/2009,4505.4
09/01/2009,4448.5
12/01/2009,4426.2
13/01/2009,4399.2
14/01/2009,4180.6
15/01/2009,4121.1
16/01/2009,4147.1
19/01/2009,4108.5
20/01/2009,4091.4
21/01/2009,4059.9
22/01/2009,4052.2
23/01/2009,4052.5
26/01/2009,4209
27/01/2009,4194.4
28/01/2009,4295.2
29/01/2009,4190.1
30/01/2009,4149.6
02/02/2009,4077.8
03/02/2009,4164.5
04/02/2009,4228.6
05/02/2009,4228.9
06/02/2009,4291.9
09/02/2009,4307.6
10/02/2009,4213.1
11/02/2009,4234.3
12/02/2009,4202.2
13/02/2009,4189.6
16/02/2009,4134.8
17/02/2009,4034.1
18/02/2009,4006.8
19/02/2009,4018.4
20/02/2009,3889.1
23/02/2009,3850.7
24/02/2009,3816.4
25/02/2009,3849
26/02/2009,3915.6
27/02/2009,3830.1
02/03/2009,3625.8
03/03/2009,3512.1
04/03/2009,3645.9
05/03/2009,3529.9
06/03/2009,3530.7
09/03/2009,3542.4
10/03/2009,3715.2
11/03/2009,3693.8
12/03/2009,3712.1
13/03/2009,3753.7
16/03/2009,3864
17/03/2009,3857.1
18/03/2009,3805
19/03/2009,3816.9
20/03/2009,3842.9
23/03/2009,3952.8
24/03/2009,3911.5
25/03/2009,3900.3
26/03/2009,3925.2
27/03/2009,3898.9
30/03/2009,3762.9
31/03/2009,3926.1
01/04/2009,3955.6
02/04/2009,4125
03/04/2009,4029.7
06/04/2009,3993.5
07/04/2009,3930.5
08/04/2009,3925.5
09/04/2009,3983.7
10/04/2009,3983.7
13/04/2009,3983.7
14/04/2009,3989
15/04/2009,3968.4
16/04/2009,4053
17/04/2009,4092.8
20/04/2009,3990.9
21/04/2009,3987.5
22/04/2009,4030.7
23/04/2009,4018.2
24/04/2009,4156
27/04/2009,4167
28/04/2009,4096.4
29/04/2009,4189.6
30/04/2009,4243.7
01/05/2009,4243.2
04/05/2009,4243.2
05/05/2009,4336.9
06/05/2009,4396.5
07/05/2009,4398.7
08/05/2009,4462.1
11/05/2009,4435.5
12/05/2009,4425.5
13/05/2009,4331.4
14/05/2009,4362.6
15/05/2009,4348.1
18/05/2009,4446.5
19/05/2009,4482.3
20/05/2009,4468.4
21/05/2009,4345.5
22/05/2009,4365.3
25/05/2009,4365.3
26/05/2009,4411.7
27/05/2009,4416.2
28/05/2009,4387.5
29/05/2009,4417.9
01/06/2009,4506.2
02/06/2009,4477
03/06/2009,4383.4
04/06/2009,4386.9
05/06/2009,4438.6
08/06/2009,4405.2
09/06/2009,4404.8
10/06/2009,4436.8
11/06/2009,4461.9
12/06/2009,4442
15/06/2009,4326
16/06/2009,4328.6
17/06/2009,4278.5
18/06/2009,4280.9
19/06/2009,4345.9
22/06/2009,4234.1
23/06/2009,4230
24/06/2009,4280
25/06/2009,4252.6
26/06/2009,4241
29/06/2009,4294
30/06/2009,4249.2
01/07/2009,4340.7
02/07/2009,4234.3
03/07/2009,4236.3
06/07/2009,4194.9
07/07/2009,4187
08/07/2009,4140.2
09/07/2009,4158.7
10/07/2009,4127.2
13/07/2009,4202.1
14/07/2009,4237.7
15/07/2009,4346.5
16/07/2009,4361.8
17/07/2009,4388.8
20/07/2009,4443.6
21/07/2009,4481.2
22/07/2009,4493.7
23/07/2009,4559.8
24/07/2009,4576.6
27/07/2009,4586.1
28/07/2009,4528.8
29/07/2009,4547.5
30/07/2009,4631.6
31/07/2009,4608.4
03/08/2009,4682.5
04/08/2009,4671.4
05/08/2009,4647.1
06/08/2009,4690.5
07/08/2009,4731.6
10/08/2009,4722.2
11/08/2009,4671.3
12/08/2009,4716.8
13/08/2009,4755.5
14/08/2009,4714
17/08/2009,4645
18/08/2009,4685.8
19/08/2009,4689.7
20/08/2009,4756.6
21/08/2009,4850.9
24/08/2009,4896.2
25/08/2009,4916.8
26/08/2009,4890.6
27/08/2009,4869.4
28/08/2009,4908.9
31/08/2009,4908.9
01/09/2009,4819.7
02/09/2009,4817.6
03/09/2009,4796.8
04/09/2009,4851.7
07/09/2009,4933.2
08/09/2009,4947.3
09/09/2009,5004.3
10/09/2009,4987.7
11/09/2009,5011.5
14/09/2009,5018.9
15/09/2009,5042.1
16/09/2009,5124.1
17/09/2009,5164
18/09/2009,5172.9
21/09/2009,5134.4
22/09/2009,5142.6
23/09/2009,5139.4
24/09/2009,5079.3
25/09/2009,5082.2
28/09/2009,5165.7
29/09/2009,5159.7
30/09/2009,5133.9
01/10/2009,5047.8
02/10/2009,4988.7
05/10/2009,5024.3
06/10/2009,5138
07/10/2009,5108.9
08/10/2009,5154.6
09/10/2009,5161.9
12/10/2009,5210.2
13/10/2009,5154.2
14/10/2009,5256.1
15/10/2009,5223
16/10/2009,5190.2
19/10/2009,5281.5
20/10/2009,5243.4
21/10/2009,5257.9
22/10/2009,5207.4
23/10/2009,5242.6
26/10/2009,5191.7
27/10/2009,5201
28/10/2009,5080.4
29/10/2009,5137.7
30/10/2009,5044.6
02/11/2009,5104.5
03/11/2009,5037.2
04/11/2009,5107.9
05/11/2009,5125.6
06/11/2009,5142.7
09/11/2009,5235.2
10/11/2009,5230.6
11/11/2009,5266.8
12/11/2009,5276.5
13/11/2009,5296.4
16/11/2009,5382.7
17/11/2009,5345.9
18/11/2009,5342.1
19/11/2009,5267.7
20/11/2009,5251.4
23/11/2009,5355.5
24/11/2009,5324
25/11/2009,5364.8
26/11/2009,5194.1
27/11/2009,5245.7
30/11/2009,5190.7
01/12/2009,5312.2
02/12/2009,5327.4
03/12/2009,5313
04/12/2009,5322.4
07/12/2009,5310.7
08/12/2009,5223.1
09/12/2009,5203.9
10/12/2009,5244.4
11/12/2009,5261.6
14/12/2009,5315.3
15/12/2009,5285.8
16/12/2009,5320.3
17/12/2009,5217.6
18/12/2009,5196.8
21/12/2009,5294
22/12/2009,5328.7
23/12/2009,5372.4
24/12/2009,5402.4
25/12/2009,5402.4
28/12/2009,5402.4
29/12/2009,5437.6
30/12/2009,5397.9
31/12/2009,5412.9
01/01/2010,5412.9
04/01/2010,5500.3
05/01/2010,5522.5
06/01/2010,5530
07/01/2010,5526.7
08/01/2010,5534.2
11/01/2010,5538.1
12/01/2010,5498.7
13/01/2010,5473.5
14/01/2010,5498.2
15/01/2010,5455.4
18/01/2010,5494.4
19/01/2010,5513.1
20/01/2010,5420.8
21/01/2010,5335.1
22/01/2010,5303
25/01/2010,5260.3
26/01/2010,5276.9
27/01/2010,5217.5
28/01/2010,5145.7
29/01/2010,5188.5
01/02/2010,5247.4
02/02/2010,5283.3
03/02/2010,5253.2
04/02/2010,5139.3
05/02/2010,5060.9
08/02/2010,5092.3
09/02/2010,5111.8
10/02/2010,5132
11/02/2010,5161.5
12/02/2010,5142.5
15/02/2010,5167.5
16/02/2010,5244.1
17/02/2010,5276.6
18/02/2010,5325.1
19/02/2010,5358.2
22/02/2010,5352.1
23/02/2010,5315.1
24/02/2010,5342.9
25/02/2010,5278.2
26/02/2010,5354.5
01/03/2010,5405.9
02/03/2010,5484.1
03/03/2010,5533.2
04/03/2010,5527.2
05/03/2010,5599.8
08/03/2010,5606.7
09/03/2010,5602.3
10/03/2010,5640.6
11/03/2010,5617.3
12/03/2010,5625.7
15/03/2010,5593.9
16/03/2010,5620.4
17/03/2010,5644.6
18/03/2010,5642.6
19/03/2010,5650.1
22/03/2010,5644.5
23/03/2010,5673.6
24/03/2010,5677.9
25/03/2010,5727.7
26/03/2010,5703
29/03/2010,5710.7
30/03/2010,5672.3
31/03/2010,5679.6
01/04/2010,5744.9
02/04/2010,5744.9
05/04/2010,5744.9
06/04/2010,5780.4
07/04/2010,5762.1
08/04/2010,5712.7
09/04/2010,5771
12/04/2010,5777.7
13/04/2010,5761.7
14/04/2010,5796.3
15/04/2010,5825
16/04/2010,5744
19/04/2010,5727.9
20/04/2010,5783.7
21/04/2010,5723.4
22/04/2010,5665.3
23/04/2010,5723.7
26/04/2010,5753.9
27/04/2010,5603.5
28/04/2010,5586.6
29/04/2010,5617.8
30/04/2010,5553.3
03/05/2010,5553.3
04/05/2010,5411.1
05/05/2010,5341.9
06/05/2010,5261
07/05/2010,5123
10/05/2010,5387.4
11/05/2010,5334.2
12/05/2010,5383.5
13/05/2010,5433.7
14/05/2010,5262.9
17/05/2010,5262.5
18/05/2010,5307.3
19/05/2010,5158.1
20/05/2010,5073.1
21/05/2010,5062.9
24/05/2010,5069.6
25/05/2010,4940.7
26/05/2010,5038.1
27/05/2010,5195.2
28/05/2010,5188.4
31/05/2010,5188.4
01/06/2010,5163.3
02/06/2010,5151.3
03/06/2010,5211.2
04/06/2010,5126
07/06/2010,5069.1
08/06/2010,5028.2
09/06/2010,5085.9
10/06/2010,5132.5
11/06/2010,5163.7
14/06/2010,5202.1
15/06/2010,5217.8
16/06/2010,5237.9
17/06/2010,5253.9
18/06/2010,5250.8
21/06/2010,5299.1
22/06/2010,5247
23/06/2010,5178.5
24/06/2010,5100.2
25/06/2010,5046.5
28/06/2010,5071.7
29/06/2010,4914.2
30/06/2010,4916.9
01/07/2010,4805.8
02/07/2010,4838.1
05/07/2010,4823.5
06/07/2010,4965
07/07/2010,5014.8
08/07/2010,5105.5
09/07/2010,5132.9
12/07/2010,5167
13/07/2010,5271
14/07/2010,5253.5
15/07/2010,5211.3
16/07/2010,5158.9
19/07/2010,5148.3
20/07/2010,5139.5
21/07/2010,5214.6
22/07/2010,5313.8
23/07/2010,5312.6
26/07/2010,5351.1
27/07/2010,5365.7
28/07/2010,5319.7
29/07/2010,5314
30/07/2010,5258
02/08/2010,5397.1
03/08/2010,5396.5
04/08/2010,5386.2
05/08/2010,5365.8
06/08/2010,5332.4
09/08/2010,5410.5
10/08/2010,5376.4
11/08/2010,5245.2
12/08/2010,5266.1
13/08/2010,5275.4
16/08/2010,5276.1
17/08/2010,5350.6
18/08/2010,5302.9
19/08/2010,5211.3
20/08/2010,5195.3
23/08/2010,5234.8
24/08/2010,5156
25/08/2010,5109.4
26/08/2010,5155.8
27/08/2010,5201.6
30/08/2010,5201.6
31/08/2010,5225.2
01/09/2010,5366.4
02/09/2010,5371
03/09/2010,5428.2
06/09/2010,5439.2
07/09/2010,5407.8
08/09/2010,5429.7
09/09/2010,5494.2
10/09/2010,5501.6
13/09/2010,5565.5
14/09/2010,5567.4
15/09/2010,5555.6
16/09/2010,5540.1
17/09/2010,5508.5
20/09/2010,5602.5
21/09/2010,5576.2
22/09/2010,5551.9
23/09/2010,5547.1
24/09/2010,5598.5
27/09/2010,5573.4
28/09/2010,5578.4
29/09/2010,5569.3
30/09/2010,5548.6
01/10/2010,5592.9
04/10/2010,5556
05/10/2010,5635.8
06/10/2010,5681.4
07/10/2010,5662.1
08/10/2010,5657.6
11/10/2010,5672.4
12/10/2010,5661.6
13/10/2010,5747.4
14/10/2010,5727.2
15/10/2010,5703.4
18/10/2010,5742.5
19/10/2010,5703.9
20/10/2010,5728.9
21/10/2010,5757.9
22/10/2010,5741.4
25/10/2010,5752
26/10/2010,5707.3
27/10/2010,5646
28/10/2010,5677.9
29/10/2010,5675.2
01/11/2010,5694.6
02/11/2010,5757.4
03/11/2010,5749
04/11/2010,5862.8
05/11/2010,5875.4
08/11/2010,5850
09/11/2010,5875.2
10/11/2010,5816.9
11/11/2010,5815.2
12/11/2010,5796.9
15/11/2010,5820.4
16/11/2010,5681.9
17/11/2010,5692.6
18/11/2010,5768.7
19/11/2010,5732.8
22/11/2010,5680.8
23/11/2010,5581.3
24/11/2010,5657.1
25/11/2010,5698.9
26/11/2010,5668.7
29/11/2010,5551
30/11/2010,5528.3
01/12/2010,5642.5
02/12/2010,5767.6
03/12/2010,5745.3
06/12/2010,5770.3
07/12/2010,5808.5
08/12/2010,5794.5
09/12/2010,5808
10/12/2010,5813
13/12/2010,5860.8
14/12/2010,5891.2
15/12/2010,5882.2
16/12/2010,5881.1
17/12/2010,5871.8
20/12/2010,5891.6
21/12/2010,5951.8
22/12/2010,5983.5
23/12/2010,5996.1
24/12/2010,6008.9
27/12/2010,6008.9
28/12/2010,6008.9
29/12/2010,5996.4
30/12/2010,5971
31/12/2010,5899.9
03/01/2011,5899.9
04/01/2011,6013.9
05/01/2011,6043.9
06/01/2011,6019.5
07/01/2011,5984.3
10/01/2011,5956.3
11/01/2011,6014
12/01/2011,6050.7
13/01/2011,6023.9
14/01/2011,6002.1
17/01/2011,5985.7
18/01/2011,6056.4
19/01/2011,5976.7
20/01/2011,5867.9
21/01/2011,5896.3
24/01/2011,5943.9
25/01/2011,5917.7
26/01/2011,5969.2
27/01/2011,5965.1
28/01/2011,5881.4
31/01/2011,5862.9
01/02/2011,5957.8
02/02/2011,6000.1
03/02/2011,5983.3
04/02/2011,5997.4
07/02/2011,6051
08/02/2011,6091.3
09/02/2011,6052.3
10/02/2011,6020
11/02/2011,6062.9
14/02/2011,6060.1
15/02/2011,6037.1
16/02/2011,6085.3
17/02/2011,6087.4
18/02/2011,6083
21/02/2011,6014.8
22/02/2011,5996.8
23/02/2011,5923.5
24/02/2011,5920
25/02/2011,6001.2
28/02/2011,5994
01/03/2011,5935.8
02/03/2011,5914.9
03/03/2011,6005.1
04/03/2011,5990.4
07/03/2011,5973.8
08/03/2011,5974.8
09/03/2011,5937.3
10/03/2011,5845.3
11/03/2011,5828.7
14/03/2011,5775.2
15/03/2011,5695.3
16/03/2011,5598.2
17/03/2011,5696.1
18/03/2011,5718.1
21/03/2011,5786.1
22/03/2011,5762.7
23/03/2011,5795.9
24/03/2011,5880.9
25/03/2011,5900.8
28/03/2011,5904.5
29/03/2011,5932.2
30/03/2011,5948.3
31/03/2011,5908.8
01/04/2011,6009.9
04/04/2011,6017
05/04/2011,6007.1
06/04/2011,6041.1
07/04/2011,6007.4
08/04/2011,6055.8
11/04/2011,6053.4
12/04/2011,5964.5
13/04/2011,6010.4
14/04/2011,5963.8
15/04/2011,5996
18/04/2011,5870.1
19/04/2011,5896.9
20/04/2011,6022.3
21/04/2011,6018.3
22/04/2011,6018.3
25/04/2011,6018.3
26/04/2011,6069.4
27/04/2011,6068.2
28/04/2011,6069.9
29/04/2011,6069.9
02/05/2011,6069.9
03/05/2011,6082.9
04/05/2011,5984.1
05/05/2011,5920
06/05/2011,5976.8
09/05/2011,5942.7
10/05/2011,6018.9
11/05/2011,5976
12/05/2011,5945
13/05/2011,5925.9
16/05/2011,5923.7
17/05/2011,5861
18/05/2011,5923.5
19/05/2011,5956
20/05/2011,5948.5
23/05/2011,5835.9
24/05/2011,5858.4
25/05/2011,5870.1
26/05/2011,5881
27/05/2011,5938.9
30/05/2011,5938.9
31/05/2011,5990
01/06/2011,5928.6
02/06/2011,5847.9
03/06/2011,5855
06/06/2011,5863.2
07/06/2011,5864.7
08/06/2011,5808.9
09/06/2011,5856.3
10/06/2011,5765.8
13/06/2011,5773.5
14/06/2011,5803.1
15/06/2011,5742.6
16/06/2011,5698.8
17/06/2011,5714.9
20/06/2011,5693.4
21/06/2011,5775.3
22/06/2011,5773
23/06/2011,5674.4
24/06/2011,5697.7
27/06/2011,5722.3
28/06/2011,5766.9
29/06/2011,5856
30/06/2011,5945.7
01/07/2011,5989.8
04/07/2011,6017.5
05/07/2011,6024
06/07/2011,6002.9
07/07/2011,6054.6
08/07/2011,5990.6
11/07/2011,5929.2
12/07/2011,5869
13/07/2011,5906.4
14/07/2011,5847
15/07/2011,5843.7
18/07/2011,5752.8
19/07/2011,5790
20/07/2011,5853.8
21/07/2011,5899.9
22/07/2011,5935
25/07/2011,5925.3
26/07/2011,5929.7
27/07/2011,5856.6
28/07/2011,5873.2
29/07/2011,5815.2
01/08/2011,5774.4
02/08/2011,5718.4
03/08/2011,5584.5
04/08/2011,5393.1
05/08/2011,5247
08/08/2011,5069
09/08/2011,5164.9
10/08/2011,5007.2
11/08/2011,5162.8
12/08/2011,5320
15/08/2011,5350.6
16/08/2011,5357.6
17/08/2011,5331.6
18/08/2011,5092.2
19/08/2011,5040.8
22/08/2011,5095.3
23/08/2011,5129.4
24/08/2011,5205.9
25/08/2011,5131.1
26/08/2011,5129.9
29/08/2011,5129.9
30/08/2011,5268.7
31/08/2011,5394.5
01/09/2011,5418.7
02/09/2011,5292
05/09/2011,5102.6
06/09/2011,5156.8
07/09/2011,5318.6
08/09/2011,5340.4
09/09/2011,5214.7
12/09/2011,5129.6
13/09/2011,5174.3
14/09/2011,5227
15/09/2011,5337.5
16/09/2011,5368.4
19/09/2011,5259.6
20/09/2011,5363.7
21/09/2011,5288.4
22/09/2011,5041.6
23/09/2011,5066.8
26/09/2011,5089.4
27/09/2011,5294.1
28/09/2011,5217.6
29/09/2011,5196.8
30/09/2011,5128.5
03/10/2011,5075.5
04/10/2011,4944.4
05/10/2011,5102.2
06/10/2011,5291.3
07/10/2011,5303.4
10/10/2011,5399
11/10/2011,5395.7
12/10/2011,5441.8
13/10/2011,5403.4
14/10/2011,5466.4
17/10/2011,5436.7
18/10/2011,5410.4
19/10/2011,5450.5
20/10/2011,5384.7
21/10/2011,5488.7
24/10/2011,5548.1
25/10/2011,5525.5
26/10/2011,5553.2
27/10/2011,5713.8
28/10/2011,5702.2
31/10/2011,5544.2
01/11/2011,5421.6
02/11/2011,5484.1
03/11/2011,5545.6
04/11/2011,5527.2
07/11/2011,5510.8
08/11/2011,5567.3
09/11/2011,5460.4
10/11/2011,5444.8
11/11/2011,5545.4
14/11/2011,5519
15/11/2011,5517.4
16/11/2011,5509
17/11/2011,5423.1
18/11/2011,5362.9
21/11/2011,5222.6
22/11/2011,5206.8
23/11/2011,5139.8
24/11/2011,5127.6
25/11/2011,5164.7
28/11/2011,5312.8
29/11/2011,5337
30/11/2011,5505.4
01/12/2011,5489.3
02/12/2011,5552.3
05/12/2011,5568
06/12/2011,5568.7
07/12/2011,5546.9
08/12/2011,5483.8
09/12/2011,5529.2
12/12/2011,5427.9
13/12/2011,5490.2
14/12/2011,5366.8
15/12/2011,5400.9
16/12/2011,5387.3
19/12/2011,5365
20/12/2011,5419.6
21/12/2011,5389.7
22/12/2011,5457
23/12/2011,5512.7
26/12/2011,5512.7
27/12/2011,5512.7
28/12/2011,5507.4
29/12/2011,5566.8
30/12/2011,5572.3
02/01/2012,5572.3
03/01/2012,5699.9
04/01/2012,5668.5
05/01/2012,5624.3
06/01/2012,5649.7
09/01/2012,5612.3
10/01/2012,5696.7
11/01/2012,5670.8
12/01/2012,5662.4
13/01/2012,5636.6
16/01/2012,5657.4
17/01/2012,5694
18/01/2012,5702.4
19/01/2012,5741.2
20/01/2012,5728.6
23/01/2012,5782.6
24/01/2012,5751.9
25/01/2012,5723
26/01/2012,5795.2
27/01/2012,5733.5
30/01/2012,5671.1
31/01/2012,5681.6
01/02/2012,5790.7
02/02/2012,5796.1
03/02/2012,5901.1
06/02/2012,5892.2
07/02/2012,5890.3
08/02/2012,5875.9
09/02/2012,5895.5
10/02/2012,5852.4
13/02/2012,5905.7
14/02/2012,5899.9
15/02/2012,5892.2
16/02/2012,5885.4
17/02/2012,5905.1
20/02/2012,5945.3
21/02/2012,5928.2
22/02/2012,5916.6
23/02/2012,5937.9
24/02/2012,5935.1
27/02/2012,5915.6
28/02/2012,5927.9
29/02/2012,5871.5
01/03/2012,5931.3
02/03/2012,5911.1
05/03/2012,5874.8
06/03/2012,5765.8
07/03/2012,5791.4
08/03/2012,5859.7
09/03/2012,5887.5
12/03/2012,5892.8
13/03/2012,5955.9
14/03/2012,5945.4
15/03/2012,5940.7
16/03/2012,5965.6
19/03/2012,5961.1
20/03/2012,5891.4
21/03/2012,5892
22/03/2012,5845.7
23/03/2012,5854.9
26/03/2012,5902.7
27/03/2012,5869.6
28/03/2012,5809
29/03/2012,5742
30/03/2012,5768.5
02/04/2012,5874.9
03/04/2012,5838.3
04/04/2012,5703.8
05/04/2012,5723.7
06/04/2012,5723.7
09/04/2012,5723.7
10/04/2012,5595.6
11/04/2012,5634.7
12/04/2012,5710.5
13/04/2012,5651.8
16/04/2012,5666.3
17/04/2012,5767
18/04/2012,5745.3
19/04/2012,5744.6
20/04/2012,5772.2
23/04/2012,5665.6
24/04/2012,5709.5
25/04/2012,5718.9
26/04/2012,5748.7
27/04/2012,5777.1
30/04/2012,5737.8
01/05/2012,5812.2
02/05/2012,5758.1
03/05/2012,5766.6
04/05/2012,5655.1
07/05/2012,5655.1
08/05/2012,5554.6
09/05/2012,5530.1
10/05/2012,5544
11/05/2012,5575.5
14/05/2012,5465.5
15/05/2012,5437.6
16/05/2012,5405.3
17/05/2012,5338.4
18/05/2012,5267.6
21/05/2012,5304.5
22/05/2012,5403.3
23/05/2012,5266.4
24/05/2012,5350.1
25/05/2012,5351.5
28/05/2012,5356.3
29/05/2012,5391.1
30/05/2012,5297.3
31/05/2012,5320.9
01/06/2012,5260.2
04/06/2012,5260.2
05/06/2012,5260.2
06/06/2012,5384.1
07/06/2012,5447.8
08/06/2012,5435.1
11/06/2012,5432.4
12/06/2012,5473.7
13/06/2012,5483.8
14/06/2012,5467.1
15/06/2012,5478.8
18/06/2012,5491.1
19/06/2012,5586.3
20/06/2012,5622.3
21/06/2012,5566.4
22/06/2012,5513.7
25/06/2012,5450.7
26/06/2012,5447
27/06/2012,5523.9
28/06/2012,5493.1
29/06/2012,5571.2
02/07/2012,5640.6
03/07/2012,5687.7
04/07/2012,5684.5
05/07/2012,5692.6
06/07/2012,5662.6
09/07/2012,5627.3
10/07/2012,5664.1
11/07/2012,5664.5
12/07/2012,5608.3
13/07/2012,5666.1
16/07/2012,5662.4
17/07/2012,5629.1
18/07/2012,5685.8
19/07/2012,5714.2
20/07/2012,5651.8
23/07/2012,5533.9
24/07/2012,5499.2
25/07/2012,5498.3
26/07/2012,5573.2
27/07/2012,5627.2
30/07/2012,5693.6
31/07/2012,5635.3
01/08/2012,5712.8
02/08/2012,5662.3
03/08/2012,5787.3
06/08/2012,5808.8
07/08/2012,5841.2
08/08/2012,5845.9
09/08/2012,5851.5
10/08/2012,5847.1
13/08/2012,5831.9
14/08/2012,5864.8
15/08/2012,5833
16/08/2012,5834.5
17/08/2012,5852.4
20/08/2012,5824.4
21/08/2012,5857.5
22/08/2012,5774.2
23/08/2012,5776.6
24/08/2012,5776.6
27/08/2012,5776.6
28/08/2012,5775.7
29/08/2012,5743.5
30/08/2012,5719.5
31/08/2012,5711.5
03/09/2012,5758.4
04/09/2012,5672
05/09/2012,5657.9
06/09/2012,5777.3
07/09/2012,5794.8
10/09/2012,5793.2
11/09/2012,5792.2
12/09/2012,5782.1
13/09/2012,5819.9
14/09/2012,5915.6
17/09/2012,5893.5
18/09/2012,5868.2
19/09/2012,5888.5
20/09/2012,5854.6
21/09/2012,5852.6
24/09/2012,5838.8
25/09/2012,5859.7
26/09/2012,5768.1
27/09/2012,5779.4
28/09/2012,5742.1
01/10/2012,5820.5
02/10/2012,5809.5
03/10/2012,5825.8
04/10/2012,5827.8
05/10/2012,5871
08/10/2012,5841.7
09/10/2012,5810.3
10/10/2012,5776.7
11/10/2012,5829.8
12/10/2012,5793.3
15/10/2012,5805.6
16/10/2012,5870.5
17/10/2012,5910.9
18/10/2012,5917.1
19/10/2012,5896.2
22/10/2012,5882.9
23/10/2012,5797.9
24/10/2012,5804.8
25/10/2012,5805.1
26/10/2012,5806.7
29/10/2012,5795.1
30/10/2012,5849.9
31/10/2012,5782.7
01/11/2012,5861.9
02/11/2012,5868.6
05/11/2012,5839.1
06/11/2012,5884.9
07/11/2012,5791.6
08/11/2012,5776.1
09/11/2012,5769.7
12/11/2012,5767.3
13/11/2012,5786.3
14/11/2012,5722
15/11/2012,5677.8
16/11/2012,5605.6
19/11/2012,5737.7
20/11/2012,5748.1
21/11/2012,5752
22/11/2012,5791
23/11/2012,5819.1
26/11/2012,5786.7
27/11/2012,5799.7
28/11/2012,5803.3
29/11/2012,5870.3
30/11/2012,5866.8
03/12/2012,5871.2
04/12/2012,5869
05/12/2012,5892.1
06/12/2012,5901.4
07/12/2012,5914.4
10/12/2012,5921.6
11/12/2012,5925
12/12/2012,5945.9
13/12/2012,5929.6
14/12/2012,5921.8
17/12/2012,5912.2
18/12/2012,5935.9
19/12/2012,5961.6
20/12/2012,5958.3
21/12/2012,5940
24/12/2012,5954.2
25/12/2012,5954.2
26/12/2012,5954.2
27/12/2012,5954.3
28/12/2012,5925.4
31/12/2012,5897.8
01/01/2013,5897.8
02/01/2013,6027.4
03/01/2013,6047.3
04/01/2013,6089.8
07/01/2013,6064.6
08/01/2013,6053.6
09/01/2013,6098.7
10/01/2013,6101.5
11/01/2013,6121.6
14/01/2013,6107.9
15/01/2013,6117.3
16/01/2013,6104
17/01/2013,6132.4
18/01/2013,6154.4
21/01/2013,6181
22/01/2013,6179.2
23/01/2013,6197.6
24/01/2013,6264.9
25/01/2013,6284.5
28/01/2013,6294.4
29/01/2013,6339.2
30/01/2013,6323.1
31/01/2013,6276.9
01/02/2013,6347.2
04/02/2013,6246.8
05/02/2013,6282.8
06/02/2013,6295.3
07/02/2013,6228.4
08/02/2013,6263.9
11/02/2013,6277.1
12/02/2013,6338.4
13/02/2013,6359.1
14/02/2013,6327.4
15/02/2013,6328.3
18/02/2013,6318.2
19/02/2013,6379.1
20/02/2013,6395.4
21/02/2013,6291.5
22/02/2013,6335.7
25/02/2013,6355.4
26/02/2013,6270.4
27/02/2013,6325.9
28/02/2013,6360.8
01/03/2013,6378.6
04/03/2013,6345.6
05/03/2013,6432
06/03/2013,6427.6
07/03/2013,6439.2
08/03/2013,6483.6
11/03/2013,6503.6
12/03/2013,6510.6
13/03/2013,6481.5
14/03/2013,6529.4
15/03/2013,6489.7
18/03/2013,6457.9
19/03/2013,6441.3
20/03/2013,6432.7
21/03/2013,6388.6
22/03/2013,6392.8
25/03/2013,6378.4
26/03/2013,6399.4
27/03/2013,6387.6
28/03/2013,6411.7
29/03/2013,6411.7
01/04/2013,6411.7
02/04/2013,6490.7
03/04/2013,6420.3
04/04/2013,6344.1
05/04/2013,6249.8
08/04/2013,6276.9
09/04/2013,6313.2
10/04/2013,6387.4
11/04/2013,6416.1
12/04/2013,6384.4
15/04/2013,6343.6
16/04/2013,6304.6
17/04/2013,6244.2
18/04/2013,6243.7
19/04/2013,6286.6
22/04/2013,6280.6
23/04/2013,6406.1
24/04/2013,6431.8
25/04/2013,6442.6
26/04/2013,6426.4
29/04/2013,6458
30/04/2013,6430.1
01/05/2013,6451.3
02/05/2013,6460.7
03/05/2013,6521.5
06/05/2013,6521.5
07/05/2013,6557.3
08/05/2013,6583.5
09/05/2013,6592.7
10/05/2013,6625
13/05/2013,6631.8
14/05/2013,6686.1
15/05/2013,6693.6
16/05/2013,6687.8
17/05/2013,6723.1
20/05/2013,6755.6
21/05/2013,6803.9
22/05/2013,6840.3
23/05/2013,6696.8
24/05/2013,6654.3
27/05/2013,6654.3
28/05/2013,6762
29/05/2013,6627.2
30/05/2013,6657
31/05/2013,6583.1
03/06/2013,6525.1
04/06/2013,6558.6
05/06/2013,6419.3
06/06/2013,6336.1
07/06/2013,6412
10/06/2013,6400.5
11/06/2013,6340.1
12/06/2013,6299.5
13/06/2013,6304.6
14/06/2013,6308.3
17/06/2013,6330.5
18/06/2013,6374.2
19/06/2013,6348.8
20/06/2013,6159.5
21/06/2013,6116.2
24/06/2013,6029.1
25/06/2013,6101.9
26/06/2013,6165.5
27/06/2013,6243.4
28/06/2013,6215.5
01/07/2013,6307.8
02/07/2013,6303.9
03/07/2013,6229.9
04/07/2013,6421.7
05/07/2013,6375.5
08/07/2013,6450.1
09/07/2013,6513.1
10/07/2013,6505
11/07/2013,6543.4
12/07/2013,6544.9
15/07/2013,6586.1
16/07/2013,6556.4
17/07/2013,6571.9
18/07/2013,6634.4
19/07/2013,6630.7
22/07/2013,6623.2
23/07/2013,6597.4
24/07/2013,6620.4
25/07/2013,6588
26/07/2013,6554.8
29/07/2013,6560.3
30/07/2013,6571
31/07/2013,6621.1
01/08/2013,6682
02/08/2013,6647.9
05/08/2013,6619.6
06/08/2013,6604.2
07/08/2013,6511.2
08/08/2013,6529.7
09/08/2013,6583.4
12/08/2013,6574.3
13/08/2013,6611.9
14/08/2013,6587.4
15/08/2013,6483.3
16/08/2013,6500
19/08/2013,6465.7
20/08/2013,6453.5
21/08/2013,6390.8
22/08/2013,6446.9
23/08/2013,6492.1
26/08/2013,6492.1
27/08/2013,6441
28/08/2013,6430.1
29/08/2013,6483.1
30/08/2013,6412.9
02/09/2013,6506.2
03/09/2013,6468.4
04/09/2013,6474.7
05/09/2013,6532.4
06/09/2013,6547.3
09/09/2013,6530.7
10/09/2013,6584
11/09/2013,6588.4
12/09/2013,6589
13/09/2013,6583.8
16/09/2013,6622.9
17/09/2013,6570.2
18/09/2013,6558.8
19/09/2013,6625.4
20/09/2013,6596.4
23/09/2013,6557.4
24/09/2013,6571.5
25/09/2013,6551.5
26/09/2013,6565.6
27/09/2013,6512.7
30/09/2013,6462.2
01/10/2013,6460
02/10/2013,6437.5
03/10/2013,6449
04/10/2013,6453.9
07/10/2013,6437.3
08/10/2013,6365.8
09/10/2013,6337.9
10/10/2013,6430.5
11/10/2013,6487.2
14/10/2013,6507.7
15/10/2013,6549.1
16/10/2013,6571.6
17/10/2013,6576.2
18/10/2013,6622.6
21/10/2013,6654.2
22/10/2013,6695.7
23/10/2013,6674.5
24/10/2013,6713.2
25/10/2013,6721.3
28/10/2013,6725.8
29/10/2013,6774.7
30/10/2013,6777.7
31/10/2013,6731.4
01/11/2013,6734.7
04/11/2013,6763.6
05/11/2013,6746.8
06/11/2013,6741.7
07/11/2013,6697.2
08/11/2013,6708.4
11/11/2013,6728.4
12/11/2013,6726.8
13/11/2013,6630
14/11/2013,6666.1
15/11/2013,6693.4
18/11/2013,6723.5
19/11/2013,6698
20/11/2013,6681.1
21/11/2013,6681.3
22/11/2013,6674.3
25/11/2013,6694.6
26/11/2013,6636.2
27/11/2013,6649.5
28/11/2013,6654.5
29/11/2013,6650.6
02/12/2013,6595.3
03/12/2013,6532.4
04/12/2013,6510
05/12/2013,6498.3
06/12/2013,6552
09/12/2013,6559.5
10/12/2013,6523.3
11/12/2013,6507.7
12/12/2013,6445.3
13/12/2013,6440
16/12/2013,6522.2
17/12/2013,6486.2
18/12/2013,6492.1
19/12/2013,6584.7
20/12/2013,6606.6
23/12/2013,6678.6
24/12/2013,6694.2
25/12/2013,6694.2
26/12/2013,6694.2
27/12/2013,6750.9
30/12/2013,6731.3
31/12/2013,6749.1
01/01/2014,6749.1
02/01/2014,6717.9
03/01/2014,6730.7
06/01/2014,6730.7
07/01/2014,6755.5
08/01/2014,6721.8
09/01/2014,6691.3
10/01/2014,6739.9
13/01/2014,6757.2
14/01/2014,6766.9
15/01/2014,6819.9
16/01/2014,6815.4
17/01/2014,6829.3
20/01/2014,6836.7
21/01/2014,6834.3
22/01/2014,6826.3
23/01/2014,6773.3
24/01/2014,6663.7
27/01/2014,6550.7
28/01/2014,6572.3
29/01/2014,6544.3
30/01/2014,6538.5
31/01/2014,6510.4
03/02/2014,6465.7
04/02/2014,6449.3
05/02/2014,6457.9
06/02/2014,6558.3
07/02/2014,6571.7
10/02/2014,6591.6
11/02/2014,6672.7
12/02/2014,6675
13/02/2014,6659.4
14/02/2014,6663.6
17/02/2014,6736
18/02/2014,6796.4
19/02/2014,6796.7
20/02/2014,6813
21/02/2014,6838.1
24/02/2014,6865.9
25/02/2014,6830.5
26/02/2014,6799.2
27/02/2014,6810.3
28/02/2014,6809.7
03/03/2014,6708.4
04/03/2014,6823.8
05/03/2014,6775.4
06/03/2014,6788.5
07/03/2014,6712.7
10/03/2014,6689.5
11/03/2014,6685.5
12/03/2014,6620.9
13/03/2014,6553.8
14/03/2014,6527.9
17/03/2014,6568.4
18/03/2014,6605.3
19/03/2014,6573.1
20/03/2014,6542.4
21/03/2014,6557.2
24/03/2014,6520.4
25/03/2014,6604.9
26/03/2014,6605.3
27/03/2014,6588.3
28/03/2014,6615.6
31/03/2014,6598.4
01/04/2014,6652.6
02/04/2014,6659
03/04/2014,6649.1
04/04/2014,6695.6
07/04/2014,6622.8
08/04/2014,6590.7
09/04/2014,6635.6
10/04/2014,6642
11/04/2014,6561.7
14/04/2014,6583.8
15/04/2014,6541.6
16/04/2014,6584.2
17/04/2014,6625.3
22/04/2014,6681.8
23/04/2014,6674.7
24/04/2014,6703
25/04/2014,6685.7
28/04/2014,6700.2
29/04/2014,6769.9
30/04/2014,6780
01/05/2014,6808.9
02/05/2014,6822.4
06/05/2014,6798.6
07/05/2014,6796.4
08/05/2014,6839.3
09/05/2014,6814.6
12/05/2014,6851.8
13/05/2014,6873.1
14/05/2014,6878.5
15/05/2014,6840.9
16/05/2014,6855.8
19/05/2014,6844.6
20/05/2014,6802
21/05/2014,6821
22/05/2014,6820.6
23/05/2014,6815.8
27/05/2014,6844.9
28/05/2014,6851.2
29/05/2014,6871.3
30/05/2014,6844.5
02/06/2014,6864.1
03/06/2014,6836.3
04/06/2014,6818.6
05/06/2014,6813.5
06/06/2014,6858.2
09/06/2014,6875
10/06/2014,6873.6
11/06/2014,6838.9
12/06/2014,6843.1
13/06/2014,6777.9
16/06/2014,6754.6
17/06/2014,6766.8
18/06/2014,6778.6
19/06/2014,6808.1
20/06/2014,6825.2
23/06/2014,6800.6
24/06/2014,6787.1
25/06/2014,6733.6
26/06/2014,6735.1
27/06/2014,6757.8
30/06/2014,6743.9
01/07/2014,6802.9
02/07/2014,6816.4
03/07/2014,6865.2
04/07/2014,6866.1
07/07/2014,6823.5
08/07/2014,6738.5
09/07/2014,6718
10/07/2014,6672.4
11/07/2014,6690.2
14/07/2014,6746.1
15/07/2014,6710.5
16/07/2014,6784.7
17/07/2014,6738.3
18/07/2014,6749.5
21/07/2014,6728.4
22/07/2014,6795.3
23/07/2014,6798.2
24/07/2014,6821.5
25/07/2014,6791.6
28/07/2014,6788.1
29/07/2014,6807.8
30/07/2014,6773.4
31/07/2014,6730.1
01/08/2014,6679.2
04/08/2014,6677.5
05/08/2014,6682.5
06/08/2014,6636.2
07/08/2014,6597.4
08/08/2014,6567.4
11/08/2014,6632.8
12/08/2014,6632.4
13/08/2014,6656.7
14/08/2014,6685.3
15/08/2014,6689.1
18/08/2014,6741.3
19/08/2014,6779.3
20/08/2014,6755.5
21/08/2014,6777.7
22/08/2014,6775.3
26/08/2014,6822.8
27/08/2014,6830.7
28/08/2014,6805.8
29/08/2014,6819.8
01/09/2014,6825.3
02/09/2014,6829.2
03/09/2014,6873.6
04/09/2014,6878
05/09/2014,6855.1
08/09/2014,6834.8
09/09/2014,6829
10/09/2014,6830.1
11/09/2014,6799.6
12/09/2014,6807
15/09/2014,6804.2
16/09/2014,6792.2
17/09/2014,6780.9
18/09/2014,6819.3
19/09/2014,6837.9
22/09/2014,6773.6
23/09/2014,6676.1
24/09/2014,6706.3
25/09/2014,6639.7
26/09/2014,6649.4
29/09/2014,6646.6
30/09/2014,6622.7
01/10/2014,6557.5
02/10/2014,6446.4
03/10/2014,6527.9
06/10/2014,6563.7
07/10/2014,6495.6
08/10/2014,6482.2
09/10/2014,6431.9
10/10/2014,6340
13/10/2014,6366.2
14/10/2014,6392.7
15/10/2014,6211.6
16/10/2014,6195.9
17/10/2014,6310.3
20/10/2014,6267.1
21/10/2014,6372.3
22/10/2014,6399.7
23/10/2014,6419.2
24/10/2014,6388.7
27/10/2014,6363.5
28/10/2014,6402.2
29/10/2014,6453.9
30/10/2014,6463.6
31/10/2014,6546.5
03/11/2014,6488
04/11/2014,6454
05/11/2014,6539.1
06/11/2014,6551.2
07/11/2014,6567.2
10/11/2014,6611.3
11/11/2014,6627.4
12/11/2014,6611
13/11/2014,6635.5
14/11/2014,6654.4
17/11/2014,6672
18/11/2014,6709.1
19/11/2014,6696.6
20/11/2014,6678.9
21/11/2014,6750.8
24/11/2014,6729.8
25/11/2014,6731.1
26/11/2014,6729.2
27/11/2014,6723.4
28/11/2014,6722.6
01/12/2014,6656.4
02/12/2014,6742.1
03/12/2014,6716.6
04/12/2014,6679.4
05/12/2014,6742.8
08/12/2014,6672.2
09/12/2014,6529.5
10/12/2014,6500
11/12/2014,6461.7
12/12/2014,6300.6
15/12/2014,6182.7
16/12/2014,6331.8
17/12/2014,6336.5
18/12/2014,6466
19/12/2014,6545.3
22/12/2014,6576.7
23/12/2014,6598.2
24/12/2014,6609.9
29/12/2014,6633.5
30/12/2014,6547
31/12/2014,6566.1
02/01/2015,6547.8
05/01/2015,6417.2
06/01/2015,6366.5
07/01/2015,6419.8
08/01/2015,6570
09/01/2015,6501.1
12/01/2015,6501.4
13/01/2015,6542.2
14/01/2015,6388.5
15/01/2015,6498.8
16/01/2015,6550.3
19/01/2015,6585.5
20/01/2015,6620.1
21/01/2015,6728
22/01/2015,6796.6
23/01/2015,6832.8
26/01/2015,6852.4
27/01/2015,6811.6
28/01/2015,6825.9
29/01/2015,6810.6
30/01/2015,6749.4
02/02/2015,6782.6
03/02/2015,6871.8
04/02/2015,6860
05/02/2015,6865.9
06/02/2015,6853.4
09/02/2015,6837.2
10/02/2015,6829.1
11/02/2015,6818.2
12/02/2015,6828.1
13/02/2015,6873.5
16/02/2015,6857.1
17/02/2015,6898.1
18/02/2015,6898.1
19/02/2015,6888.9
20/02/2015,6915.2
23/02/2015,6912.2
24/02/2015,6949.6
25/02/2015,6935.4
26/02/2015,6949.7
27/02/2015,6946.7
02/03/2015,6940.6
03/03/2015,6889.1
04/03/2015,6919.2
05/03/2015,6961.1
06/03/2015,6911.8
09/03/2015,6876.5
10/03/2015,6702.8
