Jan 04 2005,4847
Jan 05 2005,4806
Jan 06 2005,4824.3
Jan 07 2005,4854.1
Jan 10 2005,4840.7
Jan 11 2005,4818.7
Jan 12 2005,4783.6
Jan 13 2005,4800.3
Jan 14 2005,4820.8
Jan 17 2005,4846.7
Jan 18 2005,4823.9
Jan 19 2005,4818.3
Jan 20 2005,4800.8
Jan 21 2005,4803.3
Jan 24 2005,4812.5
Jan 25 2005,4843.2
Jan 26 2005,4847.1
Jan 27 2005,4853.4
Jan 28 2005,4832.8
Jan 31 2005,4852.3
Feb 01 2005,4906.2
Feb 02 2005,4916.2
Feb 03 2005,4908.3
Feb 04 2005,4941.5
Feb 07 2005,4979.8
Feb 08 2005,4995.5
Feb 09 2005,4990.4
Feb 10 2005,5000
Feb 11 2005,5044.2
Feb 14 2005,5041.8
Feb 15 2005,5058.9
Feb 16 2005,5053.2
Feb 17 2005,5057.4
Feb 18 2005,5057.2
Feb 21 2005,5060.8
Feb 22 2005,5032.9
Feb 23 2005,4988.5
Feb 24 2005,4972.1
Feb 25 2005,5006.8
Feb 28 2005,4968.5
Mar 01 2005,5000.5
Mar 02 2005,4992.8
Mar 03 2005,5014.8
Mar 04 2005,5036.3
Mar 07 2005,5027.2
Mar 08 2005,5010.9
Mar 09 2005,4996.1
Mar 10 2005,4962.1
Mar 11 2005,4982
Mar 14 2005,4975
Mar 15 2005,5000.2
Mar 16 2005,4937.6
Mar 17 2005,4922.1
Mar 18 2005,4923.3
Mar 21 2005,4933.5
Mar 22 2005,4937.3
Mar 23 2005,4910.4
Mar 24 2005,4922.5
Mar 29 2005,4919
Mar 30 2005,4900.7
Mar 31 2005,4894.4
Apr 01 2005,4914
Apr 04 2005,4896.7
Apr 05 2005,4942.9
Apr 06 2005,4947.4
Apr 07 2005,4977
Apr 08 2005,4983.6
Apr 11 2005,4973.2
Apr 12 2005,4946.2
Apr 13 2005,4960.8
Apr 14 2005,4945.4
Apr 15 2005,4891.6
Apr 18 2005,4827.1
Apr 19 2005,4855.6
Apr 20 2005,4822
Apr 21 2005,4819.6
Apr 22 2005,4849.3
Apr 25 2005,4864.9
Apr 26 2005,4845.5
Apr 27 2005,4789.4
Apr 28 2005,4790.2
Apr 29 2005,4801.7
May 03 2005,4861.2
May 04 2005,4882.5
May 05 2005,4902.3
May 06 2005,4918.9
May 09 2005,4910.3
May 10 2005,4892.4
May 11 2005,4875.4
May 12 2005,4893.2
May 13 2005,4886.5
May 16 2005,4884.2
May 17 2005,4898.5
May 18 2005,4949.4
May 19 2005,4962.7
May 20 2005,4971.8
May 23 2005,4989.8
May 24 2005,4982.5
May 25 2005,4971.5
May 26 2005,4994.9
May 27 2005,4986.3
May 31 2005,4964
Jun 01 2005,5011
Jun 02 2005,5005
Jun 03 2005,4999.4
Jun 06 2005,4980.4
Jun 07 2005,5025.2
Jun 08 2005,5003.7
Jun 09 2005,5009.2
Jun 10 2005,5030.4
Jun 13 2005,5050.4
Jun 14 2005,5046.8
Jun 15 2005,5019.5
Jun 16 2005,5045
Jun 17 2005,5077.6
Jun 20 2005,5072
Jun 21 2005,5082.1
Jun 22 2005,5099.3
Jun 23 2005,5114.4
Jun 24 2005,5079
Jun 27 2005,5043.5
Jun 28 2005,5090.4
Jun 29 2005,5109.1
Jun 30 2005,5113.2
Jul 01 2005,5161
Jul 04 2005,5184.3
Jul 05 2005,5190.1
Jul 06 2005,5229.6
Jul 07 2005,5158.3
Jul 08 2005,5232.2
Jul 11 2005,5242.4
Jul 12 2005,5217.2
Jul 13 2005,5245.9
Jul 14 2005,5259.7
Jul 15 2005,5230.8
Jul 18 2005,5214.2
Jul 19 2005,5201.5
Jul 20 2005,5215.2
Jul 21 2005,5221.6
Jul 22 2005,5241.8
Jul 25 2005,5270.7
Jul 26 2005,5256.2
Jul 27 2005,5263.6
Jul 28 2005,5270.3
Jul 29 2005,5282.3
Aug 01 2005,5290.8
Aug 02 2005,5327.5
Aug 03 2005,5332.3
Aug 04 2005,5315.5
Aug 05 2005,5314.7
Aug 08 2005,5344.3
Aug 09 2005,5363.7
Aug 10 2005,5377.5
Aug 11 2005,5358.6
Aug 12 2005,5345.8
Aug 15 2005,5344.2
Aug 16 2005,5322.3
Aug 17 2005,5292.7
Aug 18 2005,5269.3
Aug 19 2005,5312.6
Aug 22 2005,5318.4
Aug 23 2005,5300.2
Aug 24 2005,5275.2
Aug 25 2005,5255.7
Aug 26 2005,5228.1
Aug 30 2005,5255.8
Aug 31 2005,5296.9
Sep 01 2005,5328.5
Sep 02 2005,5326.8
Sep 05 2005,5337.8
Sep 06 2005,5359.2
Sep 07 2005,5365.9
Sep 08 2005,5340.8
Sep 09 2005,5359.3
Sep 12 2005,5375.1
Sep 13 2005,5338
Sep 14 2005,5347.4
Sep 15 2005,5383.5
Sep 16 2005,5407.9
Sep 19 2005,5429.7
Sep 20 2005,5416.4
Sep 21 2005,5369.7
Sep 22 2005,5385.7
Sep 23 2005,5413.6
Sep 26 2005,5453.1
Sep 27 2005,5447.3
Sep 28 2005,5494.8
Sep 29 2005,5478.2
Sep 30 2005,5477.7
Oct 03 2005,5501.5
Oct 04 2005,5494.4
Oct 05 2005,5427.8
Oct 06 2005,5372.4
Oct 07 2005,5362.3
Oct 10 2005,5374.5
Oct 11 2005,5380.7
Oct 12 2005,5342.2
Oct 13 2005,5265.2
Oct 14 2005,5275
Oct 17 2005,5286.5
Oct 18 2005,5263.9
Oct 19 2005,5167.8
Oct 20 2005,5164.1
Oct 21 2005,5142.1
Oct 24 2005,5207.6
Oct 25 2005,5182.1
Oct 26 2005,5227.8
Oct 27 2005,5182.8
Oct 28 2005,5213.4
Oct 31 2005,5317.3
Nov 01 2005,5344.3
Nov 02 2005,5358.6
Nov 03 2005,5431.9
Nov 04 2005,5423.6
Nov 07 2005,5460.8
Nov 08 2005,5460.9
Nov 09 2005,5439.8
Nov 10 2005,5423.5
Nov 11 2005,5465.1
Nov 14 2005,5470
Nov 15 2005,5439.6
Nov 16 2005,5430
Nov 17 2005,5460
Nov 18 2005,5498.9
Nov 21 2005,5497.9
Nov 22 2005,5517.2
Nov 23 2005,5531.7
Nov 24 2005,5511
Nov 25 2005,5523.8
Nov 28 2005,5477.4
Nov 29 2005,5491
Nov 30 2005,5423.2
Dec 01 2005,5486.1
Dec 02 2005,5528.1
Dec 05 2005,5510.4
Dec 06 2005,5538.8
Dec 07 2005,5528.8
Dec 08 2005,5531.1
Dec 09 2005,5517.4
Dec 12 2005,5501.5
Dec 13 2005,5507.2
Dec 14 2005,5521.1
Dec 15 2005,5495.3
Dec 16 2005,5531.6
Dec 19 2005,5539.8
Dec 20 2005,5547.9
Dec 21 2005,5587.4
Dec 22 2005,5597
Dec 23 2005,5595.4
Dec 28 2005,5622.8
Dec 29 2005,5638.3
Dec 30 2005,5618.8
Jan 03 2006,5681.5
Jan 04 2006,5714.6
Jan 05 2006,5691.2
Jan 06 2006,5731.8
Jan 09 2006,5731.5
Jan 10 2006,5688.8
Jan 11 2006,5731.5
Jan 12 2006,5735.1
Jan 13 2006,5711
Jan 16 2006,5740.2
Jan 17 2006,5699
Jan 18 2006,5663.7
Jan 19 2006,5693.2
Jan 20 2006,5672.4
Jan 23 2006,5660.9
Jan 24 2006,5633.8
Jan 25 2006,5704.4
Jan 26 2006,5722.6
Jan 27 2006,5786.8
Jan 30 2006,5779.8
Jan 31 2006,5760.3
Feb 01 2006,5801.6
Feb 02 2006,5747.3
Feb 03 2006,5759.3
Feb 06 2006,5772.4
Feb 07 2006,5746.8
Feb 08 2006,5725.1
Feb 09 2006,5808.7
Feb 10 2006,5764.1
Feb 13 2006,5793.5
Feb 14 2006,5792.3
Feb 15 2006,5791.5
Feb 16 2006,5828.9
Feb 17 2006,5846.2
Feb 20 2006,5863
Feb 21 2006,5857.7
Feb 22 2006,5872.4
Feb 23 2006,5836
Feb 24 2006,5860.5
Feb 27 2006,5875.9
Feb 28 2006,5791.5
Mar 01 2006,5844.1
Mar 02 2006,5833
Mar 03 2006,5858.7
Mar 06 2006,5897.8
Mar 07 2006,5857.4
Mar 08 2006,5812.9
Mar 09 2006,5855.9
Mar 10 2006,5907.9
Mar 13 2006,5952.8
Mar 14 2006,5950.6
Mar 15 2006,5965.1
Mar 16 2006,5993.2
Mar 17 2006,5999.4
Mar 20 2006,5991.7
Mar 21 2006,5991.3
Mar 22 2006,6007.5
Mar 23 2006,5990.1
Mar 24 2006,6036.3
Mar 27 2006,5972.2
Mar 28 2006,5935.7
Mar 29 2006,5959.2
Mar 30 2006,6015.2
Mar 31 2006,5964.6
Apr 03 2006,6024.3
Apr 04 2006,6004.7
Apr 05 2006,6044.1
Apr 06 2006,6045.7
Apr 07 2006,6026.1
Apr 10 2006,6067
Apr 11 2006,6016.5
Apr 12 2006,6000.8
Apr 13 2006,6029.4
Apr 18 2006,6044.1
Apr 19 2006,6089.8
Apr 20 2006,6081.4
Apr 21 2006,6132.7
Apr 24 2006,6098.7
Apr 25 2006,6086.6
Apr 26 2006,6104.3
Apr 27 2006,6060
Apr 28 2006,6023.1
May 02 2006,6082.1
May 03 2006,6010
May 04 2006,6036.9
May 05 2006,6091.7
May 08 2006,6067.1
May 09 2006,6105.6
May 10 2006,6083.4
May 11 2006,6042
May 12 2006,5912.1
May 15 2006,5841.3
May 16 2006,5846.2
May 17 2006,5675.5
May 18 2006,5671.6
May 19 2006,5657.4
May 22 2006,5532.7
May 23 2006,5678.7
May 24 2006,5587.1
May 25 2006,5677.7
May 26 2006,5791
May 30 2006,5652
May 31 2006,5723.8
Jun 01 2006,5749.7
Jun 02 2006,5764.6
Jun 05 2006,5762.1
Jun 06 2006,5669.8
Jun 07 2006,5706.3
Jun 08 2006,5562.9
Jun 09 2006,5655.2
Jun 12 2006,5620.9
Jun 13 2006,5519.6
Jun 14 2006,5506.8
Jun 15 2006,5619.3
Jun 16 2006,5597.4
Jun 19 2006,5626.1
Jun 20 2006,5658.2
Jun 21 2006,5665
Jun 22 2006,5684.1
Jun 23 2006,5692.1
Jun 26 2006,5681.2
Jun 27 2006,5652.3
Jun 28 2006,5678.6
Jun 29 2006,5791.5
Jun 30 2006,5833.4
Jul 03 2006,5884.4
Jul 04 2006,5883.5
Jul 05 2006,5826.7
Jul 06 2006,5890
Jul 07 2006,5888.9
Jul 10 2006,5896.9
Jul 11 2006,5857.3
Jul 12 2006,5860.6
Jul 13 2006,5765
Jul 14 2006,5707.6
Jul 17 2006,5701
Jul 18 2006,5681.7
Jul 19 2006,5778
Jul 20 2006,5770.9
Jul 21 2006,5719.7
Jul 24 2006,5833.9
Jul 25 2006,5851.2
Jul 26 2006,5877.1
Jul 27 2006,5929.5
Jul 28 2006,5974.9
Jul 31 2006,5928.3
Aug 01 2006,5880.8
Aug 02 2006,5932.1
Aug 03 2006,5838.4
Aug 04 2006,5889.4
Aug 07 2006,5828.8
Aug 08 2006,5818.1
Aug 09 2006,5860.5
Aug 10 2006,5823.4
Aug 11 2006,5820.1
Aug 14 2006,5870.9
Aug 15 2006,5897.9
Aug 16 2006,5896.6
Aug 17 2006,5900.4
Aug 18 2006,5903.4
Aug 21 2006,5915.2
Aug 22 2006,5902.6
Aug 23 2006,5860
Aug 24 2006,5869.1
Aug 25 2006,5878.6
Aug 29 2006,5888.3
Aug 30 2006,5929.3
Aug 31 2006,5906.1
Sep 01 2006,5949.1
Sep 04 2006,5986.6
Sep 05 2006,5981.7
Sep 06 2006,5929.3
Sep 07 2006,5858.1
Sep 08 2006,5879.3
Sep 11 2006,5850.8
Sep 12 2006,5895.5
Sep 13 2006,5892.2
Sep 14 2006,5877.2
Sep 15 2006,5877
Sep 18 2006,5890.2
Sep 19 2006,5831.8
Sep 20 2006,5866.2
Sep 21 2006,5896.7
Sep 22 2006,5822.3
Sep 25 2006,5798.3
Sep 26 2006,5873.6
Sep 27 2006,5930.1
Sep 28 2006,5971.3
Sep 29 2006,5960.8
Oct 02 2006,5957.8
Oct 03 2006,5937.1
Oct 04 2006,5966.5
Oct 05 2006,6004.5
Oct 06 2006,6001.2
Oct 09 2006,6030.9
Oct 10 2006,6072.7
Oct 11 2006,6073.5
Oct 12 2006,6121.3
Oct 13 2006,6157.3
Oct 16 2006,6172.4
Oct 17 2006,6108.6
Oct 18 2006,6150.4
Oct 19 2006,6156
Oct 20 2006,6155.2
Oct 23 2006,6166.1
Oct 24 2006,6182.5
Oct 25 2006,6214.6
Oct 26 2006,6184.8
Oct 27 2006,6160.9
Oct 30 2006,6126.8
Oct 31 2006,6129.2
Nov 01 2006,6149.6
Nov 02 2006,6149.3
Nov 03 2006,6148.1
Nov 06 2006,6224.5
Nov 07 2006,6244
Nov 08 2006,6239
Nov 09 2006,6231.5
Nov 10 2006,6208.4
Nov 13 2006,6194.2
Nov 14 2006,6186.6
Nov 15 2006,6229.8
Nov 16 2006,6254.9
Nov 17 2006,6192
Nov 20 2006,6204.5
Nov 21 2006,6202.6
Nov 22 2006,6160.3
Nov 23 2006,6140
Nov 24 2006,6122.1
Nov 27 2006,6050.1
Nov 28 2006,6025.9
Nov 29 2006,6084.4
Nov 30 2006,6048.8
Dec 01 2006,6021.5
Dec 04 2006,6050.4
Dec 05 2006,6086.4
Dec 06 2006,6090.3
Dec 07 2006,6131.5
Dec 08 2006,6152.4
Dec 11 2006,6159.8
Dec 12 2006,6156.4
Dec 13 2006,6192.5
Dec 14 2006,6228
Dec 15 2006,6260
Dec 18 2006,6247.4
Dec 19 2006,6203.9
Dec 20 2006,6198.6
Dec 21 2006,6183.7
Dec 22 2006,6190
Dec 27 2006,6245.2
Dec 28 2006,6240.9
Dec 29 2006,6220.8
Jan 02 2007,6310.9
Jan 03 2007,6319
Jan 04 2007,6287
Jan 05 2007,6220.1
Jan 08 2007,6194.2
Jan 09 2007,6196.1
Jan 10 2007,6160.7
Jan 11 2007,6230.1
Jan 12 2007,6239
Jan 15 2007,6263.5
Jan 16 2007,6215.7
Jan 17 2007,6204.5
Jan 18 2007,6210.3
Jan 19 2007,6237.2
Jan 22 2007,6218.4
Jan 23 2007,6227.6
Jan 24 2007,6314.8
Jan 25 2007,6269.3
Jan 26 2007,6228
Jan 29 2007,6239.9
Jan 30 2007,6242
Jan 31 2007,6203.1
Feb 01 2007,6282.2
Feb 02 2007,6310.9
Feb 05 2007,6317.9
Feb 06 2007,6346.3
Feb 07 2007,6369.5
Feb 08 2007,6346.4
Feb 09 2007,6382.8
Feb 12 2007,6353.5
Feb 13 2007,6381.8
Feb 14 2007,6421.2
Feb 15 2007,6433.3
Feb 16 2007,6419.5
Feb 19 2007,6444.4
Feb 20 2007,6412.3
Feb 21 2007,6357.1
Feb 22 2007,6380.9
Feb 23 2007,6401.5
Feb 26 2007,6434.7
Feb 27 2007,6286.1
Feb 28 2007,6171.5
Mar 01 2007,6116
Mar 02 2007,6116.2
Mar 05 2007,6058.7
Mar 06 2007,6138.5
Mar 07 2007,6156.5
Mar 08 2007,6227.7
Mar 09 2007,6245.2
Mar 12 2007,6233.3
Mar 13 2007,6161.2
Mar 14 2007,6000.7
Mar 15 2007,6133.2
Mar 16 2007,6130.6
Mar 19 2007,6189.4
Mar 20 2007,6220.3
Mar 21 2007,6256.8
Mar 22 2007,6318
Mar 23 2007,6339.4
Mar 26 2007,6291.9
Mar 27 2007,6292.6
Mar 28 2007,6267.2
Mar 29 2007,6324.2
Mar 30 2007,6308
Apr 02 2007,6315.5
Apr 03 2007,6366.1
Apr 04 2007,6364.7
Apr 05 2007,6397.3
Apr 10 2007,6417.8
Apr 11 2007,6413.3
Apr 12 2007,6416.4
Apr 13 2007,6462.4
Apr 16 2007,6516.2
Apr 17 2007,6497.8
Apr 18 2007,6449.4
Apr 19 2007,6440.6
Apr 20 2007,6486.8
Apr 23 2007,6479.7
Apr 24 2007,6429.5
Apr 25 2007,6461.9
Apr 26 2007,6469.4
Apr 27 2007,6418.7
Apr 30 2007,6449.2
May 01 2007,6419.6
May 02 2007,6484.5
May 03 2007,6537.8
May 04 2007,6603.7
May 08 2007,6550.4
May 09 2007,6549.6
May 10 2007,6524.1
May 11 2007,6565.7
May 14 2007,6555.5
May 15 2007,6568.6
May 16 2007,6559.5
May 17 2007,6579.3
May 18 2007,6640.9
May 21 2007,6636.8
May 22 2007,6606.6
May 23 2007,6616.4
May 24 2007,6565.4
May 25 2007,6570.5
May 29 2007,6606.5
May 30 2007,6602.1
May 31 2007,6621.4
Jun 01 2007,6676.7
Jun 04 2007,6664.1
Jun 05 2007,6632.8
Jun 06 2007,6522.7
Jun 07 2007,6505.1
Jun 08 2007,6505.1
Jun 11 2007,6567.5
Jun 12 2007,6520.4
Jun 13 2007,6559.6
Jun 14 2007,6649.9
Jun 15 2007,6732.4
Jun 18 2007,6703.5
Jun 19 2007,6650.2
Jun 20 2007,6649.3
Jun 21 2007,6596
Jun 22 2007,6567.4
Jun 25 2007,6588.4
Jun 26 2007,6559.3
Jun 27 2007,6527.6
Jun 28 2007,6571.3
Jun 29 2007,6607.9
Jul 02 2007,6590.6
Jul 03 2007,6639.8
Jul 04 2007,6673.1
Jul 05 2007,6635.2
Jul 06 2007,6690.1
Jul 09 2007,6712.7
Jul 10 2007,6630.9
Jul 11 2007,6615.1
Jul 12 2007,6697.7
Jul 13 2007,6716.7
Jul 16 2007,6697.7
Jul 17 2007,6659.1
Jul 18 2007,6567.1
Jul 19 2007,6640.2
Jul 20 2007,6585.2
Jul 23 2007,6624.4
Jul 24 2007,6498.7
Jul 25 2007,6454.3
Jul 26 2007,6251.2
Jul 27 2007,6215.2
Jul 30 2007,6206.1
Jul 31 2007,6360.1
Aug 01 2007,6250.6
Aug 02 2007,6300.3
Aug 03 2007,6224.3
Aug 06 2007,6189.1
Aug 07 2007,6308.8
Aug 08 2007,6393.9
Aug 09 2007,6271.2
Aug 10 2007,6038.3
Aug 13 2007,6219
Aug 14 2007,6143.5
Aug 15 2007,6109.3
Aug 16 2007,5858.9
Aug 17 2007,6064.2
Aug 20 2007,6078.7
Aug 21 2007,6086.1
Aug 22 2007,6196
Aug 23 2007,6196.9
Aug 24 2007,6220.1
Aug 28 2007,6102.2
Aug 29 2007,6132.2
Aug 30 2007,6212
Aug 31 2007,6303.3
Sep 03 2007,6315.2
Sep 04 2007,6376.8
Sep 05 2007,6270.7
Sep 06 2007,6313.3
Sep 07 2007,6191.2
Sep 10 2007,6134.1
Sep 11 2007,6280.7
Sep 12 2007,6306.2
Sep 13 2007,6363.9
Sep 14 2007,6289.3
Sep 17 2007,6182.8
Sep 18 2007,6283.3
Sep 19 2007,6460
Sep 20 2007,6429
Sep 21 2007,6456.7
Sep 24 2007,6465.9
Sep 25 2007,6396.9
Sep 26 2007,6433
Sep 27 2007,6486.4
Sep 28 2007,6466.8
Oct 01 2007,6506.2
Oct 02 2007,6500.4
Oct 03 2007,6535.2
Oct 04 2007,6547.9
Oct 05 2007,6595.8
Oct 08 2007,6540.9
Oct 09 2007,6615.4
Oct 10 2007,6633
Oct 11 2007,6724.5
Oct 12 2007,6730.7
Oct 15 2007,6644.5
Oct 16 2007,6614.3
Oct 17 2007,6677.7
Oct 18 2007,6609.4
Oct 19 2007,6527.9
Oct 22 2007,6459.3
Oct 23 2007,6514
Oct 24 2007,6482
Oct 25 2007,6576.3
Oct 26 2007,6661.3
Oct 29 2007,6706
Oct 30 2007,6659
Oct 31 2007,6721.6
Nov 01 2007,6586.1
Nov 02 2007,6530.6
Nov 05 2007,6461.4
Nov 06 2007,6474.9
Nov 07 2007,6385.1
Nov 08 2007,6381.9
Nov 09 2007,6304.9
Nov 12 2007,6337.9
Nov 13 2007,6362.4
Nov 14 2007,6432.1
Nov 15 2007,6359.6
Nov 16 2007,6291.2
Nov 19 2007,6120.8
Nov 20 2007,6226.5
Nov 21 2007,6070.9
Nov 22 2007,6155.3
Nov 23 2007,6262.1
Nov 26 2007,6180.5
Nov 27 2007,6140.7
Nov 28 2007,6306.2
Nov 29 2007,6349.1
Nov 30 2007,6432.5
Dec 03 2007,6386.6
Dec 04 2007,6315.2
Dec 05 2007,6493.8
Dec 06 2007,6485.6
Dec 07 2007,6554.9
Dec 10 2007,6565.4
Dec 11 2007,6536.9
Dec 12 2007,6559.8
Dec 13 2007,6364.2
Dec 14 2007,6397
Dec 17 2007,6277.8
Dec 18 2007,6279.3
Dec 19 2007,6284.5
Dec 20 2007,6345.6
Dec 21 2007,6434.1
Dec 24 2007,6479.3
Dec 27 2007,6497.8
Dec 28 2007,6476.9
Dec 31 2007,6456.9
Jan 02 2008,6416.7
Jan 03 2008,6479.4
Jan 04 2008,6348.5
Jan 07 2008,6335.7
Jan 08 2008,6356.5
Jan 09 2008,6272.7
Jan 10 2008,6222.7
Jan 11 2008,6202
Jan 14 2008,6215.7
Jan 15 2008,6025.6
Jan 16 2008,5942.9
Jan 17 2008,5902.4
Jan 18 2008,5901.7
Jan 21 2008,5578.2
Jan 22 2008,5740.1
Jan 23 2008,5609.3
Jan 24 2008,5875.8
Jan 25 2008,5869
Jan 28 2008,5788.9
Jan 29 2008,5885.2
Jan 30 2008,5837.3
Jan 31 2008,5879.8
Feb 01 2008,6029.2
Feb 04 2008,6026.2
Feb 05 2008,5868
Feb 06 2008,5875.4
Feb 07 2008,5724.1
Feb 08 2008,5784
Feb 11 2008,5707.7
Feb 12 2008,5910
Feb 13 2008,5880.1
Feb 14 2008,5879.3
Feb 15 2008,5787.6
Feb 19 2008,5966.9
Feb 20 2008,5893.6
Feb 21 2008,5932.2
Feb 22 2008,5888.5
Feb 25 2008,5999.5
Feb 26 2008,6087.4
Feb 27 2008,6076.5
Feb 28 2008,5965.7
Feb 29 2008,5884.3
Mar 03 2008,5818.6
Mar 04 2008,5767.7
Mar 05 2008,5853.5
Mar 06 2008,5766.4
Mar 07 2008,5699.9
Mar 10 2008,5629.1
Mar 11 2008,5690.4
Mar 12 2008,5776.4
Mar 13 2008,5692.4
Mar 14 2008,5631.7
Mar 17 2008,5414.4
Mar 18 2008,5605.8
Mar 19 2008,5545.6
Mar 20 2008,5495.2
Mar 25 2008,5689.1
Mar 26 2008,5660.4
Mar 27 2008,5717.5
Mar 28 2008,5692.9
Mar 31 2008,5702.1
Apr 01 2008,5852.6
Apr 02 2008,5915.9
Apr 03 2008,5891.3
Apr 04 2008,5947.1
Apr 07 2008,6014.8
Apr 08 2008,5990.2
Apr 09 2008,5983.9
Apr 10 2008,5965.1
Apr 11 2008,5895.5
Apr 14 2008,5831.6
Apr 15 2008,5906.9
Apr 16 2008,6046.2
Apr 17 2008,5980.4
Apr 18 2008,6056.5
Apr 21 2008,6053
Apr 22 2008,6034.7
Apr 23 2008,6083.6
Apr 24 2008,6050.7
Apr 25 2008,6091.4
Apr 28 2008,6090.4
Apr 29 2008,6089.4
Apr 30 2008,6087.3
May 01 2008,6087.3
May 02 2008,6215.5
May 06 2008,6215.2
May 07 2008,6261
May 08 2008,6270.8
May 09 2008,6204.7
May 12 2008,6220.6
May 13 2008,6211.9
May 14 2008,6216
May 15 2008,6251.8
May 16 2008,6304.3
May 19 2008,6376.5
May 20 2008,6191.6
May 21 2008,6198.1
May 22 2008,6181.6
May 23 2008,6087.3
May 27 2008,6058.5
May 28 2008,6069.6
May 29 2008,6068.1
May 30 2008,6053.5
Jun 02 2008,6007.6
Jun 03 2008,6057.7
Jun 04 2008,5970.1
Jun 05 2008,5995.3
Jun 06 2008,5906.8
Jun 09 2008,5877.6
Jun 10 2008,5827.3
Jun 11 2008,5723.3
Jun 12 2008,5790.5
Jun 13 2008,5802.8
Jun 16 2008,5794.6
Jun 17 2008,5861.9
Jun 18 2008,5756.9
Jun 19 2008,5708.4
Jun 20 2008,5620.8
Jun 23 2008,5667.2
Jun 24 2008,5634.7
Jun 25 2008,5666.1
Jun 26 2008,5518.2
Jun 27 2008,5529.9
Jun 30 2008,5625.9
Jul 01 2008,5479.9
Jul 02 2008,5426.3
Jul 03 2008,5476.6
Jul 04 2008,5412.8
Jul 07 2008,5512.7
Jul 08 2008,5440.5
Jul 09 2008,5529.6
Jul 10 2008,5406.8
Jul 11 2008,5261.6
Jul 14 2008,5300.4
Jul 15 2008,5171.9
Jul 16 2008,5150.6
Jul 17 2008,5286.3
Jul 18 2008,5376.4
Jul 21 2008,5404.3
Jul 22 2008,5364.1
Jul 23 2008,5449.9
Jul 24 2008,5362.3
Jul 25 2008,5352.6
Jul 28 2008,5312.6
Jul 29 2008,5319.2
Jul 30 2008,5420.7
Jul 31 2008,5411.9
Aug 01 2008,5354.7
Aug 04 2008,5320.2
Aug 05 2008,5454.5
Aug 06 2008,5486.1
Aug 07 2008,5477.5
Aug 08 2008,5489.2
Aug 11 2008,5541.8
Aug 12 2008,5534.5
Aug 13 2008,5448.6
Aug 14 2008,5497.4
Aug 15 2008,5454.8
Aug 18 2008,5450.2
Aug 19 2008,5320.4
Aug 20 2008,5371.8
Aug 21 2008,5370.2
Aug 22 2008,5505.6
Aug 26 2008,5470.7
Aug 27 2008,5528.1
Aug 28 2008,5601.2
Aug 29 2008,5636.6
Sep 01 2008,5602.8
Sep 02 2008,5620.7
Sep 03 2008,5499.7
Sep 04 2008,5362.1
Sep 05 2008,5240.7
Sep 08 2008,5446.3
Sep 09 2008,5415.6
Sep 10 2008,5366.2
Sep 11 2008,5318.4
Sep 12 2008,5416.7
Sep 15 2008,5204.2
Sep 16 2008,5025.6
Sep 17 2008,4912.4
Sep 18 2008,4880
Sep 19 2008,5311.3
Sep 22 2008,5236.3
Sep 23 2008,5136.1
Sep 24 2008,5095.6
Sep 25 2008,5197
Sep 26 2008,5088.5
Sep 29 2008,4818.8
Sep 30 2008,4902.5
Oct 01 2008,4959.6
Oct 02 2008,4870.3
Oct 03 2008,4980.3
Oct 06 2008,4589.2
Oct 07 2008,4605.2
Oct 08 2008,4366.7
Oct 09 2008,4313.8
Oct 10 2008,3932.1
Oct 13 2008,4256.9
Oct 14 2008,4394.2
Oct 15 2008,4079.6
Oct 16 2008,3861.4
Oct 17 2008,4063
Oct 20 2008,4282.7
Oct 21 2008,4229.7
Oct 22 2008,4040.9
Oct 23 2008,4087.8
Oct 24 2008,3883.4
Oct 27 2008,3852.6
Oct 28 2008,3926.4
Oct 29 2008,4242.5
Oct 30 2008,4291.6
Oct 31 2008,4377.3
Nov 03 2008,4443.3
Nov 04 2008,4639.5
Nov 05 2008,4530.7
Nov 06 2008,4272.4
Nov 07 2008,4365
Nov 10 2008,4403.9
Nov 11 2008,4246.7
Nov 12 2008,4182
Nov 13 2008,4169.2
Nov 14 2008,4233
Nov 17 2008,4132.2
Nov 18 2008,4208.5
Nov 19 2008,4005.7
Nov 20 2008,3875
Nov 21 2008,3781
Nov 24 2008,4153
Nov 25 2008,4171.3
Nov 26 2008,4152.7
Nov 27 2008,4226.1
Nov 28 2008,4288
Dec 01 2008,4065.5
Dec 02 2008,4122.9
Dec 03 2008,4170
Dec 04 2008,4163.6
Dec 05 2008,4049.4
Dec 08 2008,4300.1
Dec 09 2008,4381.3
Dec 10 2008,4367.3
Dec 11 2008,4388.7
Dec 12 2008,4280.4
Dec 15 2008,4277.6
Dec 16 2008,4309.1
Dec 17 2008,4324.2
Dec 18 2008,4330.7
Dec 19 2008,4286.9
Dec 22 2008,4249.2
Dec 23 2008,4256
Dec 24 2008,4216.6
Dec 29 2008,4319.4
Dec 30 2008,4392.7
Dec 31 2008,4434.2
Jan 02 2009,4561.8
Jan 05 2009,4579.6
Jan 06 2009,4638.9
Jan 07 2009,4507.5
Jan 08 2009,4505.4
Jan 09 2009,4448.5
Jan 12 2009,4426.2
Jan 13 2009,4399.1
Jan 14 2009,4180.6
Jan 15 2009,4121.1
Jan 16 2009,4147.1
Jan 19 2009,4108.5
Jan 20 2009,4091.4
Jan 21 2009,4059.9
Jan 22 2009,4052.2
Jan 23 2009,4052.5
Jan 26 2009,4209
Jan 27 2009,4194.4
Jan 28 2009,4295.2
Jan 29 2009,4190.1
Jan 30 2009,4149.6
Feb 02 2009,4077.8
Feb 03 2009,4164.5
Feb 04 2009,4228.6
Feb 05 2009,4228.9
Feb 06 2009,4291.9
Feb 09 2009,4307.6
Feb 10 2009,4213.1
Feb 11 2009,4234.3
Feb 12 2009,4202.2
Feb 13 2009,4189.6
Feb 16 2009,4134.8
Feb 17 2009,4034.1
Feb 18 2009,4006.8
Feb 19 2009,4018.4
Feb 20 2009,3889.1
Feb 23 2009,3850.7
Feb 24 2009,3816.4
Feb 25 2009,3849
Feb 26 2009,3915.6
Feb 27 2009,3830.1
Mar 02 2009,3625.8
Mar 03 2009,3512.1
Mar 04 2009,3645.9
Mar 05 2009,3529.9
Mar 06 2009,3530.7
Mar 09 2009,3542.4
Mar 10 2009,3715.2
Mar 11 2009,3693.8
Mar 12 2009,3712.1
Mar 13 2009,3753.7
Mar 16 2009,3864
Mar 17 2009,3857.1
Mar 18 2009,3805
Mar 19 2009,3816.9
Mar 20 2009,3842.9
Mar 23 2009,3952.8
Mar 24 2009,3911.5
Mar 25 2009,3900.3
Mar 26 2009,3925.2
Mar 27 2009,3898.9
Mar 30 2009,3762.9
Mar 31 2009,3926.1
Apr 01 2009,3955.6
Apr 02 2009,4125
Apr 03 2009,4029.7
Apr 06 2009,3993.5
Apr 07 2009,3930.5
Apr 08 2009,3925.5
Apr 09 2009,3983.7
Apr 14 2009,3989
Apr 15 2009,3968.4
Apr 16 2009,4053
Apr 17 2009,4092.8
Apr 20 2009,3990.9
Apr 21 2009,3987.5
Apr 22 2009,4030.7
Apr 23 2009,4018.2
Apr 24 2009,4156
Apr 27 2009,4167
Apr 28 2009,4096.4
Apr 29 2009,4189.6
Apr 30 2009,4243.7
May 01 2009,4243.2
May 05 2009,4336.9
May 06 2009,4396.5
May 07 2009,4398.7
May 08 2009,4462.1
May 11 2009,4435.5
May 12 2009,4425.5
May 13 2009,4331.4
May 14 2009,4362.6
May 15 2009,4348.1
May 18 2009,4446.5
May 19 2009,4482.3
May 20 2009,4468.4
May 21 2009,4345.5
May 22 2009,4365.3
May 26 2009,4411.7
May 27 2009,4416.2
May 28 2009,4387.5
May 29 2009,4417.9
Jun 01 2009,4506.2
Jun 02 2009,4477
Jun 03 2009,4383.4
Jun 04 2009,4386.9
Jun 05 2009,4438.6
Jun 08 2009,4405.2
Jun 09 2009,4404.8
Jun 10 2009,4436.8
Jun 11 2009,4461.9
Jun 12 2009,4442
Jun 15 2009,4326
Jun 16 2009,4328.6
Jun 17 2009,4278.5
Jun 18 2009,4280.9
Jun 19 2009,4345.9
Jun 22 2009,4234
Jun 23 2009,4230
Jun 24 2009,4280
Jun 25 2009,4252.6
Jun 26 2009,4241
Jun 29 2009,4294
Jun 30 2009,4249.2
Jul 01 2009,4340.7
Jul 02 2009,4234.3
Jul 03 2009,4236.3
Jul 06 2009,4194.9
Jul 07 2009,4187
Jul 08 2009,4140.2
Jul 09 2009,4158.7
Jul 10 2009,4127.2
Jul 13 2009,4202.1
Jul 14 2009,4237.7
Jul 15 2009,4346.5
Jul 16 2009,4361.8
Jul 17 2009,4388.8
Jul 20 2009,4443.6
Jul 21 2009,4481.2
Jul 22 2009,4493.7
Jul 23 2009,4559.8
Jul 24 2009,4576.6
Jul 27 2009,4586.1
Jul 28 2009,4528.8
Jul 29 2009,4547.5
Jul 30 2009,4631.6
Jul 31 2009,4608.4
Aug 03 2009,4682.5
Aug 04 2009,4671.4
Aug 05 2009,4647.1
Aug 06 2009,4690.5
Aug 07 2009,4731.6
Aug 10 2009,4722.2
Aug 11 2009,4671.3
Aug 12 2009,4716.8
Aug 13 2009,4755.5
Aug 14 2009,4714
Aug 17 2009,4645
Aug 18 2009,4685.8
Aug 19 2009,4689.7
Aug 20 2009,4756.6
Aug 21 2009,4850.9
Aug 24 2009,4896.2
Aug 25 2009,4916.8
Aug 26 2009,4890.6
Aug 27 2009,4869.4
Aug 28 2009,4908.9
Sep 01 2009,4819.7
Sep 02 2009,4817.5
Sep 03 2009,4796.8
Sep 04 2009,4851.7
Sep 07 2009,4933.2
Sep 08 2009,4947.3
Sep 09 2009,5004.3
Sep 10 2009,4987.7
Sep 11 2009,5011.5
Sep 14 2009,5018.9
Sep 15 2009,5042.1
Sep 16 2009,5124.1
Sep 17 2009,5164
Sep 18 2009,5172.9
Sep 21 2009,5134.4
Sep 22 2009,5142.6
Sep 23 2009,5139.4
Sep 24 2009,5079.3
Sep 25 2009,5082.2
Sep 28 2009,5165.7
Sep 29 2009,5159.7
Sep 30 2009,5133.9
Oct 01 2009,5047.8
Oct 02 2009,4988.7
Oct 05 2009,5024.3
Oct 06 2009,5138
Oct 07 2009,5108.9
Oct 08 2009,5154.6
Oct 09 2009,5161.9
Oct 12 2009,5210.2
Oct 13 2009,5154.1
Oct 14 2009,5256.1
Oct 15 2009,5223
Oct 16 2009,5190.2
Oct 19 2009,5281.5
Oct 20 2009,5243.4
Oct 21 2009,5257.9
Oct 22 2009,5207.4
Oct 23 2009,5242.6
Oct 26 2009,5191.7
Oct 27 2009,5201
Oct 28 2009,5080.4
Oct 29 2009,5137.7
Oct 30 2009,5044.5
Nov 02 2009,5104.5
Nov 03 2009,5037.2
Nov 04 2009,5107.9
Nov 05 2009,5125.6
Nov 06 2009,5142.7
Nov 09 2009,5235.2
Nov 10 2009,5230.5
Nov 11 2009,5266.8
Nov 12 2009,5276.5
Nov 13 2009,5296.4
Nov 16 2009,5382.7
Nov 17 2009,5345.9
Nov 18 2009,5342.1
Nov 19 2009,5267.7
Nov 20 2009,5251.4
Nov 23 2009,5355.5
Nov 24 2009,5324
Nov 25 2009,5364.8
Nov 26 2009,5194.1
Nov 27 2009,5245.7
Nov 30 2009,5190.7
Dec 01 2009,5312.2
Dec 02 2009,5327.4
Dec 03 2009,5313
Dec 04 2009,5322.4
Dec 07 2009,5310.7
Dec 08 2009,5223.1
Dec 09 2009,5203.9
Dec 10 2009,5244.4
Dec 11 2009,5261.6
Dec 14 2009,5315.3
Dec 15 2009,5285.8
Dec 16 2009,5320.3
Dec 17 2009,5217.6
Dec 18 2009,5196.8
Dec 21 2009,5294
Dec 22 2009,5328.7
Dec 23 2009,5372.4
Dec 24 2009,5402.4
Dec 29 2009,5437.6
Dec 30 2009,5397.9
Dec 31 2009,5412.9
Jan 04 2010,5500.3
Jan 05 2010,5522.5
Jan 06 2010,5530
Jan 07 2010,5526.7
Jan 08 2010,5534.2
Jan 11 2010,5538.1
Jan 12 2010,5498.7
Jan 13 2010,5473.5
Jan 14 2010,5498.2
Jan 15 2010,5455.4
Jan 18 2010,5494.4
Jan 19 2010,5513.1
Jan 20 2010,5420.8
Jan 21 2010,5335.1
Jan 22 2010,5303
Jan 25 2010,5260.3
Jan 26 2010,5276.9
Jan 27 2010,5217.5
Jan 28 2010,5145.7
Jan 29 2010,5188.5
Feb 01 2010,5247.4
Feb 02 2010,5283.3
Feb 03 2010,5253.1
Feb 04 2010,5139.3
Feb 05 2010,5060.9
Feb 08 2010,5092.3
Feb 09 2010,5111.8
Feb 10 2010,5132
Feb 11 2010,5161.5
Feb 12 2010,5142.5
Feb 15 2010,5167.5
Feb 16 2010,5244.1
Feb 17 2010,5276.6
Feb 18 2010,5325.1
Feb 19 2010,5358.2
Feb 22 2010,5352.1
Feb 23 2010,5315.1
Feb 24 2010,5342.9
Feb 25 2010,5278.2
Feb 26 2010,5354.5
Mar 01 2010,5405.9
Mar 02 2010,5484.1
Mar 03 2010,5533.2
Mar 04 2010,5527.2
Mar 05 2010,5599.8
Mar 08 2010,5606.7
Mar 09 2010,5602.3
Mar 10 2010,5640.6
Mar 11 2010,5617.3
Mar 12 2010,5625.6
Mar 15 2010,5593.9
Mar 16 2010,5620.4
Mar 17 2010,5644.6
Mar 18 2010,5642.6
Mar 19 2010,5650.1
Mar 22 2010,5644.5
Mar 23 2010,5673.6
Mar 24 2010,5677.9
Mar 25 2010,5727.6
Mar 26 2010,5703
Mar 29 2010,5710.7
Mar 30 2010,5672.3
Mar 31 2010,5679.6
Apr 01 2010,5744.9
Apr 06 2010,5780.4
Apr 07 2010,5762.1
Apr 08 2010,5712.7
Apr 09 2010,5771
Apr 12 2010,5777.6
Apr 13 2010,5761.7
Apr 14 2010,5796.3
Apr 15 2010,5825
Apr 16 2010,5744
Apr 19 2010,5727.9
Apr 20 2010,5783.7
Apr 21 2010,5723.4
Apr 22 2010,5665.3
Apr 23 2010,5723.6
Apr 26 2010,5753.9
Apr 27 2010,5603.5
Apr 28 2010,5586.6
Apr 29 2010,5617.8
Apr 30 2010,5553.3
May 04 2010,5411.1
May 05 2010,5341.9
May 06 2010,5261
May 07 2010,5123
May 10 2010,5387.4
May 11 2010,5334.2
May 12 2010,5383.5
May 13 2010,5433.7
May 14 2010,5262.9
May 17 2010,5262.5
May 18 2010,5307.3
May 19 2010,5158.1
May 20 2010,5073.1
May 21 2010,5062.9
May 24 2010,5069.6
May 25 2010,4940.7
May 26 2010,5038.1
May 27 2010,5195.2
May 28 2010,5188.4
Jun 01 2010,5163.3
Jun 02 2010,5151.3
Jun 03 2010,5211.2
Jun 04 2010,5126
Jun 07 2010,5069.1
Jun 08 2010,5028.1
Jun 09 2010,5085.9
Jun 10 2010,5132.5
Jun 11 2010,5163.7
Jun 14 2010,5202.1
Jun 15 2010,5217.8
Jun 16 2010,5237.9
Jun 17 2010,5253.9
Jun 18 2010,5250.8
Jun 21 2010,5299.1
Jun 22 2010,5247
Jun 23 2010,5178.5
Jun 24 2010,5100.2
Jun 25 2010,5046.5
Jun 28 2010,5071.7
Jun 29 2010,4914.2
Jun 30 2010,4916.9
Jul 01 2010,4805.8
Jul 02 2010,4838.1
Jul 05 2010,4823.5
Jul 06 2010,4965
Jul 07 2010,5014.8
Jul 08 2010,5105.5
Jul 09 2010,5132.9
Jul 12 2010,5167
Jul 13 2010,5271
Jul 14 2010,5253.5
Jul 15 2010,5211.3
Jul 16 2010,5158.9
Jul 19 2010,5148.28
Jul 20 2010,5139.46
Jul 21 2010,5214.64
Jul 22 2010,5313.81
Jul 23 2010,5312.62
Jul 26 2010,5351.12
Jul 27 2010,5365.67
Jul 29 2010,5313.95
Jul 30 2010,5258.02
Aug 02 2010,5397.11
Aug 03 2010,5396.48
Aug 04 2010,5386.16
Aug 05 2010,5365.78
Aug 06 2010,5332.39
Aug 09 2010,5410.52
Aug 10 2010,5376.41
Aug 11 2010,5245.21
Aug 12 2010,5266.06
Aug 13 2010,5275.44
Aug 16 2010,5276.1
Aug 17 2010,5350.55
Aug 18 2010,5302.87
Aug 19 2010,5211.29
Aug 20 2010,5195.28
Aug 23 2010,5234.84
Aug 24 2010,5155.95
Aug 25 2010,5117.24
Aug 26 2010,5155.84
Aug 27 2010,5201.56
Aug 31 2010,5225.22
Sep 01 2010,5366.41
Sep 02 2010,5371.04
Sep 03 2010,5428.15
Sep 06 2010,5439.19
Sep 07 2010,5407.82
Sep 08 2010,5429.74
Sep 09 2010,5494.16
Sep 10 2010,5501.64
Sep 13 2010,5565.53
Sep 14 2010,5567.41
Sep 15 2010,5557.07
Sep 16 2010,5540.14
Sep 17 2010,5508.45
Sep 20 2010,5602.54
Sep 21 2010,5576.19
Sep 22 2010,5562.02
Sep 23 2010,5547.08
Sep 24 2010,5598.48
Sep 27 2010,5573.42
Sep 28 2010,5578.44
Sep 29 2010,5569.27
Sep 30 2010,5548.62
Oct 01 2010,5592.9
Oct 04 2010,5555.97
Oct 05 2010,5635.76
Oct 06 2010,5681.39
Oct 07 2010,5662.13
Oct 08 2010,5657.61
Oct 11 2010,5672.4
Oct 12 2010,5661.59
Oct 13 2010,5747.35
Oct 14 2010,5727.21
Oct 15 2010,5703.37
Oct 18 2010,5742.52
Oct 19 2010,5703.89
Oct 20 2010,5728.93
Oct 21 2010,5757.86
Oct 22 2010,5741.37
Oct 25 2010,5751.98
Oct 26 2010,5707.3
Oct 27 2010,5646.02
Oct 28 2010,5677.89
Oct 29 2010,5675.16
Nov 01 2010,5694.62
Nov 02 2010,5757.43
Nov 03 2010,5748.97
Nov 04 2010,5862.79
Nov 05 2010,5875.35
Nov 08 2010,5849.96
Nov 09 2010,5875.19
Nov 10 2010,5816.94
Nov 11 2010,5815.23
Nov 12 2010,5796.87
Nov 15 2010,5820.41
Nov 16 2010,5690.8
Nov 17 2010,5692.56
Nov 18 2010,5768.71
Nov 19 2010,5732.83
Nov 22 2010,5680.83
Nov 23 2010,5581.28
Nov 24 2010,5657.1
Nov 25 2010,5698.93
Nov 26 2010,5668.7
Nov 29 2010,5569.73
Nov 30 2010,5528.27
Dec 01 2010,5642.5
Dec 02 2010,5767.56
Dec 03 2010,5756.66
Dec 06 2010,5770.28
Dec 07 2010,5808.45
Dec 08 2010,5794.53
Dec 09 2010,5807.96
Dec 10 2010,5812.95
Dec 13 2010,5860.75
Dec 14 2010,5891.21
Dec 15 2010,5882.18
Dec 16 2010,5881.12
Dec 17 2010,5871.75
Dec 20 2010,5894.1
Dec 21 2010,5951.8
Dec 22 2010,5983.49
Dec 23 2010,5996.07
Dec 24 2010,6008.92
Dec 29 2010,5996.36
Dec 30 2010,5971.01
Dec 31 2010,5899.94
Jan 04 2011,6013.87
Jan 05 2011,6043.86
Jan 06 2011,6019.51
Jan 07 2011,5984.33
Jan 10 2011,5956.3
Jan 11 2011,6014.03
Jan 12 2011,6050.72
Jan 13 2011,6023.88
Jan 14 2011,5988.12
Jan 17 2011,5985.7
Jan 18 2011,6056.43
Jan 19 2011,5976.7
Jan 20 2011,5867.91
Jan 21 2011,5896.25
Jan 24 2011,5943.85
Jan 25 2011,5917.71
Jan 26 2011,5977.63
Jan 27 2011,5965.08
Jan 28 2011,5881.37
Jan 31 2011,5862.94
Feb 01 2011,5957.82
Feb 02 2011,5996.56
Feb 03 2011,5983.34
Feb 04 2011,5997.38
Feb 07 2011,6044.16
Feb 08 2011,6091.33
Feb 09 2011,6052.29
Feb 10 2011,6020.01
Feb 11 2011,6062.9
Feb 14 2011,6063.56
Feb 15 2011,6037.08
Feb 16 2011,6085.27
Feb 17 2011,6087.38
Feb 18 2011,6082.99
Feb 21 2011,6014.8
Feb 22 2011,5996.76
Feb 23 2011,5923.53
Feb 24 2011,5919.98
Feb 25 2011,6001.2
Feb 28 2011,5994.01
Mar 01 2011,5953.87
Mar 02 2011,5914.89
Mar 03 2011,6005.09
Mar 04 2011,5990.39
Mar 07 2011,5973.78
Mar 08 2011,5961.82
Mar 09 2011,5937.3
Mar 10 2011,5845.29
Mar 11 2011,5828.67
Mar 14 2011,5775.24
Mar 15 2011,5695.28
Mar 16 2011,5598.23
Mar 17 2011,5693.8
Mar 18 2011,5720.8
Mar 21 2011,5786.09
Mar 22 2011,5762.71
Mar 23 2011,5795.88
Mar 24 2011,5880.87
Mar 25 2011,5900.76
Mar 28 2011,5904.49
Mar 29 2011,5932.17
Mar 30 2011,5948.3
Mar 31 2011,5938.66
Apr 01 2011,6009.92
Apr 04 2011,6016.98
Apr 05 2011,6007.06
Apr 06 2011,6041.13
Apr 07 2011,6007.37
Apr 08 2011,6055.75
Apr 11 2011,6053.44
Apr 12 2011,5964.47
Apr 13 2011,6010.44
Apr 14 2011,5963.8
Apr 15 2011,5996.01
Apr 18 2011,5870.08
Apr 19 2011,5896.87
Apr 20 2011,6022.26
Apr 21 2011,6018.3
Apr 26 2011,6069.36
Apr 27 2011,6068.16
Apr 28 2011,6069.9
May 03 2011,6082.88
May 04 2011,5984.07
May 05 2011,5919.98
May 06 2011,5976.77
May 09 2011,5942.69
May 10 2011,6018.89
May 11 2011,5976
May 12 2011,5944.96
May 13 2011,5925.87
May 16 2011,5923.69
May 17 2011,5861
May 18 2011,5923.49
May 19 2011,5955.99
May 20 2011,5948.49
May 23 2011,5835.89
May 24 2011,5858.41
May 25 2011,5870.14
May 26 2011,5880.99
May 27 2011,5938.87
May 31 2011,5989.99
Jun 01 2011,5928.61
Jun 02 2011,5847.92
Jun 03 2011,5855.01
Jun 06 2011,5863.16
Jun 07 2011,5864.65
Jun 08 2011,5808.89
Jun 09 2011,5856.34
Jun 10 2011,5769.3
Jun 13 2011,5773.46
Jun 14 2011,5803.13
Jun 15 2011,5742.55
Jun 16 2011,5698.81
Jun 17 2011,5714.94
Jun 20 2011,5693.39
Jun 21 2011,5775.31
Jun 22 2011,5772.99
Jun 23 2011,5674.38
Jun 24 2011,5697.72
Jun 27 2011,5722.34
Jun 28 2011,5766.88
Jun 29 2011,5855.95
Jun 30 2011,5945.71
Jul 01 2011,5989.76
Jul 04 2011,6017.54
Jul 05 2011,6024.03
Jul 06 2011,6002.92
Jul 07 2011,6054.55
Jul 08 2011,5990.58
Jul 11 2011,5929.16
Jul 12 2011,5868.96
Jul 13 2011,5904.19
Jul 14 2011,5846.95
Jul 15 2011,5843.66
Jul 18 2011,5752.81
Jul 19 2011,5789.99
Jul 20 2011,5853.82
Jul 21 2011,5899.89
Jul 22 2011,5935.02
Jul 25 2011,5925.26
Jul 26 2011,5929.73
Jul 27 2011,5856.58
Jul 28 2011,5873.21
Jul 29 2011,5815.19
Aug 01 2011,5774.43
Aug 02 2011,5718.39
Aug 03 2011,5584.51
Aug 04 2011,5393.14
Aug 05 2011,5068.95
Aug 08 2011,5077.5
Aug 09 2011,5164.92
Aug 10 2011,5007.16
Aug 11 2011,5168.24
Aug 12 2011,5320.03
Aug 15 2011,5350.58
Aug 16 2011,5357.63
Aug 17 2011,5331.6
Aug 18 2011,5092.23
Aug 19 2011,5040.76
Aug 22 2011,5095.3
Aug 23 2011,5129.42
Aug 24 2011,5205.85
Aug 25 2011,5131.1
Aug 26 2011,5129.92
Aug 30 2011,5268.66
Aug 31 2011,5394.53
Sep 01 2011,5418.65
Sep 02 2011,5292.03
Sep 05 2011,5102.58
Sep 06 2011,5156.84
Sep 07 2011,5318.59
Sep 08 2011,5340.38
Sep 09 2011,5214.65
Sep 12 2011,5129.62
Sep 13 2011,5174.25
Sep 14 2011,5227.02
Sep 15 2011,5337.54
Sep 16 2011,5368.41
Sep 19 2011,5259.56
Sep 20 2011,5363.71
Sep 21 2011,5288.41
Sep 22 2011,5041.61
Sep 23 2011,5066.81
Sep 26 2011,5089.37
Sep 27 2011,5294.05
Sep 28 2011,5217.63
Sep 29 2011,5196.84
Sep 30 2011,5128.48
Oct 03 2011,5075.5
Oct 04 2011,4944.44
Oct 05 2011,5102.17
Oct 06 2011,5291.26
Oct 07 2011,5303.4
Oct 10 2011,5399
Oct 11 2011,5395.7
Oct 12 2011,5441.8
Oct 13 2011,5403.38
Oct 14 2011,5466.36
Oct 17 2011,5436.7
Oct 18 2011,5410.35
Oct 19 2011,5450.49
Oct 20 2011,5384.68
Oct 21 2011,5488.65
Oct 24 2011,5548.06
Oct 25 2011,5525.54
Oct 26 2011,5553.24
Oct 27 2011,5713.82
Oct 28 2011,5702.24
Oct 31 2011,5544.22
Nov 01 2011,5421.57
Nov 02 2011,5484.1
Nov 03 2011,5545.64
Nov 04 2011,5527.16
Nov 07 2011,5510.82
Nov 08 2011,5567.34
Nov 09 2011,5460.38
Nov 10 2011,5444.82
Nov 11 2011,5545.38
Nov 14 2011,5519.04
Nov 15 2011,5517.44
Nov 16 2011,5509.02
Nov 17 2011,5423.14
Nov 18 2011,5362.94
Nov 21 2011,5222.6
Nov 22 2011,5206.82
Nov 23 2011,5139.78
Nov 24 2011,5127.57
Nov 25 2011,5164.65
Nov 28 2011,5312.76
Nov 29 2011,5337
Nov 30 2011,5505.42
Dec 01 2011,5489.34
Dec 02 2011,5552.29
Dec 05 2011,5567.96
Dec 06 2011,5568.72
Dec 07 2011,5546.91
Dec 08 2011,5483.77
Dec 09 2011,5529.21
Dec 12 2011,5427.86
Dec 13 2011,5490.15
Dec 14 2011,5366.8
Dec 15 2011,5400.85
Dec 16 2011,5387.34
Dec 19 2011,5364.99
Dec 20 2011,5419.6
Dec 21 2011,5389.74
Dec 22 2011,5456.97
Dec 23 2011,5512.7
Dec 28 2011,5507.4
Dec 29 2011,5566.77
Dec 30 2011,5572.28
Jan 03 2012,5699.91
Jan 04 2012,5668.45
Jan 05 2012,5624.26
Jan 06 2012,5649.68
Jan 09 2012,5612.26
Jan 10 2012,5696.7
Jan 11 2012,5670.82
Jan 12 2012,5662.42
Jan 13 2012,5636.64
Jan 16 2012,5657.44
Jan 17 2012,5693.95
Jan 18 2012,5702.37
Jan 19 2012,5741.15
Jan 20 2012,5728.55
Jan 23 2012,5782.56
Jan 24 2012,5751.9
Jan 25 2012,5723
Jan 26 2012,5795.2
Jan 27 2012,5733.45
Jan 30 2012,5671.09
Jan 31 2012,5681.61
Feb 01 2012,5790.72
Feb 02 2012,5796.07
Feb 03 2012,5901.07
Feb 06 2012,5892.2
Feb 07 2012,5890.26
Feb 08 2012,5875.93
Feb 09 2012,5895.47
Feb 10 2012,5852.39
Feb 13 2012,5905.7
Feb 14 2012,5899.87
Feb 15 2012,5892.16
Feb 16 2012,5885.38
Feb 17 2012,5905.07
Feb 20 2012,5945.25
Feb 21 2012,5928.2
Feb 22 2012,5916.55
Feb 23 2012,5937.89
Feb 24 2012,5935.13
Feb 27 2012,5915.55
Feb 28 2012,5927.91
Feb 29 2012,5871.51
Mar 01 2012,5931.25
Mar 02 2012,5911.13
Mar 05 2012,5874.82
Mar 06 2012,5765.8
Mar 07 2012,5791.41
Mar 08 2012,5859.73
Mar 09 2012,5887.49
Mar 12 2012,5892.75
Mar 13 2012,5955.91
Mar 14 2012,5945.43
Mar 15 2012,5940.72
Mar 16 2012,5965.58
Mar 19 2012,5961.11
Mar 20 2012,5891.41
Mar 21 2012,5891.95
Mar 22 2012,5845.65
Mar 23 2012,5854.89
Mar 26 2012,5902.7
Mar 27 2012,5869.55
Mar 28 2012,5808.99
Mar 29 2012,5742.03
Mar 30 2012,5768.45
Apr 02 2012,5874.89
Apr 03 2012,5838.34
Apr 04 2012,5703.77
Apr 05 2012,5723.67
Apr 10 2012,5595.55
Apr 11 2012,5634.74
Apr 12 2012,5710.46
Apr 13 2012,5651.79
Apr 16 2012,5666.28
Apr 17 2012,5766.95
Apr 18 2012,5745.29
Apr 19 2012,5744.55
Apr 20 2012,5772.15
Apr 23 2012,5665.57
Apr 24 2012,5709.49
Apr 25 2012,5718.89
Apr 26 2012,5748.72
Apr 27 2012,5777.11
Apr 30 2012,5737.78
May 01 2012,5812.23
May 02 2012,5758.11
May 03 2012,5766.55
May 04 2012,5655.06
May 08 2012,5554.55
May 09 2012,5530.05
May 10 2012,5543.95
May 11 2012,5575.52
May 14 2012,5465.52
May 15 2012,5437.62
May 16 2012,5405.25
May 17 2012,5338.38
May 18 2012,5267.62
May 21 2012,5304.48
May 22 2012,5403.28
May 23 2012,5266.41
May 24 2012,5350.05
May 25 2012,5351.53
May 28 2012,5356.34
May 29 2012,5391.14
May 30 2012,5297.28
May 31 2012,5320.86
Jun 01 2012,5260.19
Jun 06 2012,5384.11
Jun 07 2012,5447.79
Jun 08 2012,5435.08
Jun 11 2012,5432.37
Jun 12 2012,5473.74
Jun 13 2012,5483.81
Jun 14 2012,5467.05
Jun 15 2012,5478.81
Jun 18 2012,5491.09
Jun 19 2012,5586.31
Jun 20 2012,5622.29
Jun 21 2012,5566.36
Jun 22 2012,5513.69
Jun 25 2012,5450.65
Jun 26 2012,5446.96
Jun 27 2012,5523.92
Jun 28 2012,5493.06
Jun 29 2012,5571.15
Jul 02 2012,5640.64
Jul 03 2012,5687.73
Jul 04 2012,5684.47
Jul 05 2012,5692.63
Jul 06 2012,5662.63
Jul 09 2012,5627.33
Jul 10 2012,5664.07
Jul 11 2012,5664.48
Jul 12 2012,5608.25
Jul 13 2012,5666.13
Jul 16 2012,5662.43
Jul 17 2012,5629.09
Jul 18 2012,5685.77
Jul 19 2012,5714.19
Jul 20 2012,5651.77
Jul 23 2012,5533.87
Jul 24 2012,5499.23
Jul 25 2012,5498.32
Jul 26 2012,5573.16
Jul 27 2012,5627.21
Jul 30 2012,5693.63
Jul 31 2012,5635.28
Aug 01 2012,5712.82
Aug 02 2012,5662.3
Aug 03 2012,5787.28
Aug 06 2012,5808.77
Aug 07 2012,5841.24
Aug 08 2012,5845.92
Aug 09 2012,5851.51
Aug 10 2012,5847.11
Aug 13 2012,5831.88
Aug 14 2012,5864.78
Aug 15 2012,5833.04
Aug 16 2012,5834.51
Aug 17 2012,5852.42
Aug 20 2012,5824.37
Aug 21 2012,5857.52
Aug 22 2012,5774.2
Aug 23 2012,5776.6
Aug 24 2012,5776.6
Aug 28 2012,5775.71
Aug 29 2012,5743.53
Aug 30 2012,5719.45
Aug 31 2012,5711.48
Sep 03 2012,5758.41
Sep 04 2012,5672.01
Sep 05 2012,5657.86
Sep 06 2012,5777.34
Sep 07 2012,5794.8
Sep 10 2012,5793.2
Sep 11 2012,5792.19
Sep 12 2012,5782.08
Sep 13 2012,5819.92
Sep 14 2012,5915.55
Sep 17 2012,5893.52
Sep 18 2012,5868.16
Sep 19 2012,5888.48
Sep 20 2012,5854.64
Sep 21 2012,5852.62
Sep 24 2012,5838.84
Sep 25 2012,5859.71
Sep 26 2012,5768.09
Sep 27 2012,5779.42
Sep 28 2012,5742.07
Oct 01 2012,5820.45
Oct 02 2012,5809.45
Oct 03 2012,5825.81
Oct 04 2012,5827.78
Oct 05 2012,5871.02
Oct 08 2012,5841.74
Oct 09 2012,5810.25
Oct 10 2012,5776.71
Oct 11 2012,5829.75
Oct 12 2012,5793.32
Oct 15 2012,5805.61
Oct 16 2012,5870.54
Oct 17 2012,5910.91
Oct 18 2012,5917.05
Oct 19 2012,5896.15
Oct 22 2012,5882.91
Oct 23 2012,5797.91
Oct 24 2012,5804.78
Oct 25 2012,5805.05
Oct 26 2012,5806.71
Oct 29 2012,5795.1
Oct 30 2012,5849.9
Oct 31 2012,5782.7
Nov 01 2012,5861.92
Nov 02 2012,5868.55
Nov 05 2012,5839.06
Nov 06 2012,5884.9
Nov 07 2012,5791.63
Nov 08 2012,5776.05
Nov 09 2012,5769.68
Nov 12 2012,5767.27
Nov 13 2012,5786.25
Nov 14 2012,5722.01
Nov 15 2012,5677.75
Nov 16 2012,5605.59
Nov 19 2012,5737.66
Nov 20 2012,5748.1
Nov 21 2012,5752.03
Nov 22 2012,5791.03
Nov 23 2012,5819.14
Nov 26 2012,5786.72
Nov 27 2012,5799.71
Nov 28 2012,5803.28
Nov 29 2012,5870.3
Nov 30 2012,5866.82
Dec 03 2012,5871.24
Dec 04 2012,5869.04
Dec 05 2012,5892.08
Dec 06 2012,5901.42
Dec 07 2012,5914.4
Dec 10 2012,5921.63
Dec 11 2012,5924.97
Dec 12 2012,5945.85
Dec 13 2012,5929.61
Dec 14 2012,5921.76
Dec 17 2012,5912.15
Dec 18 2012,5935.9
Dec 19 2012,5961.59
Dec 20 2012,5958.34
Dec 21 2012,5939.99
Dec 24 2012,5954.18
Dec 27 2012,5954.3
Dec 28 2012,5925.37
Dec 31 2012,5897.81
Jan 02 2013,6027.37
Jan 03 2013,6047.34
Jan 04 2013,6089.84
Jan 07 2013,6064.58
Jan 08 2013,6053.63
Jan 09 2013,6098.65
Jan 10 2013,6101.51
Jan 11 2013,6121.58
Jan 14 2013,6107.86
Jan 15 2013,6117.31
Jan 16 2013,6103.98
Jan 17 2013,6132.36
Jan 18 2013,6154.41
Jan 21 2013,6180.98
Jan 22 2013,6179.17
Jan 23 2013,6197.64
Jan 24 2013,6264.91
Jan 25 2013,6284.45
Jan 28 2013,6294.41
Jan 29 2013,6339.19
Jan 30 2013,6323.11
Jan 31 2013,6276.88
Feb 01 2013,6347.24
Feb 04 2013,6246.84
Feb 05 2013,6282.76
Feb 06 2013,6295.34
Feb 07 2013,6228.42
Feb 08 2013,6263.93
Feb 11 2013,6277.06
Feb 12 2013,6338.38
Feb 13 2013,6359.11
Feb 14 2013,6327.36
Feb 15 2013,6328.26
Feb 18 2013,6318.19
Feb 19 2013,6379.07
Feb 20 2013,6395.37
Feb 21 2013,6291.54
Feb 22 2013,6335.7
Feb 25 2013,6355.37
Feb 26 2013,6270.44
Feb 27 2013,6325.88
Feb 28 2013,6360.81
Mar 01 2013,6378.6
Mar 04 2013,6345.63
Mar 05 2013,6431.95
Mar 06 2013,6427.64
Mar 07 2013,6439.16
Mar 08 2013,6483.58
Mar 11 2013,6503.63
Mar 12 2013,6510.62
Mar 13 2013,6481.5
Mar 14 2013,6529.41
Mar 15 2013,6489.65
Mar 18 2013,6457.92
Mar 19 2013,6441.32
Mar 20 2013,6432.7
Mar 21 2013,6388.55
Mar 22 2013,6392.76
Mar 25 2013,6378.38
Mar 26 2013,6399.37
Mar 27 2013,6387.56
Mar 28 2013,6411.74
Apr 02 2013,6490.66
Apr 03 2013,6420.28
Apr 04 2013,6344.12
Apr 05 2013,6249.78
Apr 08 2013,6276.94
Apr 09 2013,6313.21
Apr 10 2013,6387.37
Apr 11 2013,6416.14
Apr 12 2013,6384.39
Apr 15 2013,6343.6
Apr 16 2013,6304.58
Apr 17 2013,6244.21
Apr 18 2013,6243.67
Apr 19 2013,6286.59
Apr 22 2013,6280.62
Apr 23 2013,6406.12
Apr 24 2013,6431.76
Apr 25 2013,6442.59
Apr 26 2013,6426.42
Apr 29 2013,6458.02
Apr 30 2013,6430.12
May 01 2013,6451.29
May 02 2013,6460.71
May 03 2013,6521.46
May 07 2013,6557.3
May 08 2013,6583.48
May 09 2013,6592.74
May 10 2013,6624.98
May 13 2013,6631.76
May 14 2013,6686.06
May 15 2013,6693.55
May 16 2013,6687.8
May 17 2013,6723.06
May 20 2013,6755.63
May 21 2013,6803.87
May 22 2013,6840.27
May 23 2013,6696.79
May 24 2013,6654.34
May 28 2013,6762.01
May 29 2013,6627.17
May 30 2013,6656.99
May 31 2013,6583.09
Jun 03 2013,6525.12
Jun 04 2013,6558.58
Jun 05 2013,6419.31
Jun 06 2013,6336.11
Jun 07 2013,6411.99
Jun 10 2013,6400.45
Jun 11 2013,6340.08
Jun 12 2013,6299.45
Jun 13 2013,6304.63
Jun 14 2013,6308.26
Jun 17 2013,6330.49
Jun 18 2013,6374.21
Jun 19 2013,6348.82
Jun 20 2013,6159.51
Jun 21 2013,6116.17
Jun 24 2013,6029.1
Jun 25 2013,6101.91
Jun 26 2013,6165.48
Jun 27 2013,6243.4
Jun 28 2013,6215.47
Jul 01 2013,6307.78
Jul 02 2013,6303.94
Jul 03 2013,6229.87
Jul 04 2013,6421.67
Jul 05 2013,6375.52
Jul 08 2013,6450.07
Jul 09 2013,6513.08
Jul 10 2013,6504.96
Jul 11 2013,6543.41
Jul 12 2013,6544.94
Jul 15 2013,6586.11
Jul 16 2013,6556.35
Jul 17 2013,6571.93
Jul 18 2013,6634.36
Jul 19 2013,6630.67
Jul 22 2013,6623.17
Jul 23 2013,6597.44
Jul 24 2013,6620.43
Jul 25 2013,6587.95
Jul 26 2013,6554.79
Jul 29 2013,6560.25
Jul 30 2013,6570.95
Jul 31 2013,6621.06
Aug 01 2013,6681.98
Aug 02 2013,6647.87
Aug 05 2013,6619.58
Aug 06 2013,6604.21
Aug 07 2013,6511.21
Aug 08 2013,6529.68
Aug 09 2013,6583.39
Aug 12 2013,6574.34
Aug 13 2013,6611.94
Aug 14 2013,6587.43
Aug 15 2013,6483.34
Aug 16 2013,6499.99
Aug 19 2013,6465.73
Aug 20 2013,6453.46
Aug 21 2013,6390.84
Aug 22 2013,6446.87
Aug 23 2013,6492.1
Aug 27 2013,6440.97
Aug 28 2013,6430.06
Aug 29 2013,6483.05
Aug 30 2013,6412.93
Sep 02 2013,6506.19
Sep 03 2013,6468.41
Sep 04 2013,6474.74
Sep 05 2013,6532.44
Sep 06 2013,6547.33
Sep 09 2013,6530.74
Sep 10 2013,6583.99
Sep 11 2013,6588.43
Sep 12 2013,6588.98
Sep 13 2013,6583.8
Sep 16 2013,6622.86
Sep 17 2013,6570.17
Sep 18 2013,6558.82
Sep 19 2013,6625.39
Sep 20 2013,6596.43
Sep 23 2013,6557.37
Sep 24 2013,6571.46
Sep 25 2013,6551.53
Sep 26 2013,6565.59
Sep 27 2013,6512.66
Sep 30 2013,6462.22
Oct 01 2013,6460.01
Oct 02 2013,6437.5
Oct 03 2013,6449.04
Oct 04 2013,6453.88
Oct 07 2013,6437.28
Oct 08 2013,6365.83
Oct 09 2013,6337.91
Oct 10 2013,6430.49
Oct 11 2013,6487.19
Oct 14 2013,6507.65
Oct 15 2013,6549.11
Oct 16 2013,6571.59
Oct 17 2013,6576.16
Oct 18 2013,6622.58
Oct 21 2013,6654.2
Oct 22 2013,6695.66
Oct 23 2013,6674.48
Oct 24 2013,6713.18
Oct 25 2013,6721.34
Oct 28 2013,6725.82
Oct 29 2013,6774.73
Oct 30 2013,6777.7
Oct 31 2013,6731.43
Nov 01 2013,6734.74
Nov 04 2013,6763.62
Nov 05 2013,6746.84
Nov 06 2013,6741.69
Nov 07 2013,6697.22
Nov 08 2013,6708.42
Nov 11 2013,6728.37
Nov 12 2013,6726.79
Nov 13 2013,6630
Nov 14 2013,6666.13
Nov 15 2013,6693.44
Nov 18 2013,6723.46
Nov 19 2013,6698.01
Nov 20 2013,6681.08
Nov 21 2013,6681.33
Nov 22 2013,6674.3
Nov 25 2013,6694.62
Nov 26 2013,6636.22
Nov 27 2013,6649.47
Nov 28 2013,6654.47
Nov 29 2013,6650.57
Dec 02 2013,6595.33
Dec 03 2013,6532.43
Dec 04 2013,6509.97
Dec 05 2013,6498.33
Dec 06 2013,6551.99
Dec 09 2013,6559.48
Dec 10 2013,6523.31
Dec 11 2013,6507.72
Dec 12 2013,6445.25
Dec 13 2013,6439.96
Dec 16 2013,6522.2
Dec 17 2013,6486.19
Dec 18 2013,6492.08
Dec 19 2013,6584.7
Dec 20 2013,6606.58
Dec 23 2013,6678.61
Dec 24 2013,6694.17
Dec 27 2013,6750.87
Dec 30 2013,6731.27
Dec 31 2013,6749.09
Jan 02 2014,6717.91
Jan 03 2014,6730.67
Jan 06 2014,6730.73
Jan 07 2014,6755.45
Jan 08 2014,6721.78
Jan 09 2014,6691.34
Jan 10 2014,6739.94
Jan 13 2014,6757.15
Jan 14 2014,6766.86
Jan 15 2014,6819.86
Jan 16 2014,6815.42
Jan 17 2014,6829.3
Jan 20 2014,6836.73
Jan 21 2014,6834.26
Jan 22 2014,6826.33
Jan 23 2014,6773.28
Jan 24 2014,6663.74
Jan 27 2014,6550.66
Jan 28 2014,6572.33
Jan 29 2014,6544.28
Jan 30 2014,6538.45
Jan 31 2014,6510.44
Feb 03 2014,6465.66
Feb 04 2014,6449.27
Feb 05 2014,6457.89
Feb 06 2014,6558.28
Feb 07 2014,6571.68
Feb 10 2014,6591.55
Feb 11 2014,6672.66
Feb 12 2014,6675.03
Feb 13 2014,6659.42
Feb 14 2014,6663.62
Feb 17 2014,6736
Feb 18 2014,6796.43
Feb 19 2014,6796.71
Feb 20 2014,6812.99
Feb 21 2014,6838.06
Feb 24 2014,6865.86
Feb 25 2014,6830.5
Feb 26 2014,6799.15
Feb 27 2014,6810.27
Feb 28 2014,6809.7
Mar 03 2014,6708.35
Mar 04 2014,6823.77
Mar 05 2014,6775.42
Mar 06 2014,6788.49
Mar 07 2014,6712.67
Mar 10 2014,6689.45
Mar 11 2014,6685.52
Mar 12 2014,6620.9
Mar 13 2014,6553.78
Mar 14 2014,6527.89
Mar 17 2014,6568.35
Mar 18 2014,6605.28
Mar 19 2014,6573.13
Mar 20 2014,6542.44
Mar 21 2014,6557.17
Mar 24 2014,6520.39
Mar 25 2014,6604.89
Mar 26 2014,6605.3
Mar 27 2014,6588.32
Mar 28 2014,6615.58
Mar 31 2014,6598.37
Apr 01 2014,6652.61
Apr 02 2014,6659.04
Apr 03 2014,6649.14
Apr 04 2014,6695.55
Apr 07 2014,6622.84
Apr 08 2014,6590.69
Apr 09 2014,6635.61
Apr 10 2014,6641.97
Apr 11 2014,6561.7
Apr 14 2014,6583.76
Apr 15 2014,6541.61
Apr 16 2014,6584.17
Apr 17 2014,6625.25
Apr 22 2014,6681.76
Apr 23 2014,6674.74
Apr 24 2014,6703
Apr 25 2014,6685.69
Apr 28 2014,6700.16
Apr 29 2014,6769.91
Apr 30 2014,6780.03
May 01 2014,6808.87
May 02 2014,6822.42
May 06 2014,6798.56
May 07 2014,6796.44
May 08 2014,6839.25
May 09 2014,6814.57
May 12 2014,6851.75
May 13 2014,6873.08
May 14 2014,6878.49
May 15 2014,6840.89
May 16 2014,6855.81
May 19 2014,6844.55
May 20 2014,6802
May 21 2014,6821.04
May 22 2014,6820.56
May 23 2014,6815.75
May 27 2014,6844.94
May 28 2014,6851.22
May 29 2014,6871.29
May 30 2014,6844.51
Jun 02 2014,6864.1
Jun 03 2014,6836.3
Jun 04 2014,6818.63
Jun 05 2014,6813.49
Jun 06 2014,6858.21
Jun 09 2014,6875
Jun 10 2014,6873.55
Jun 11 2014,6838.87
Jun 12 2014,6843.11
Jun 13 2014,6777.85
Jun 16 2014,6754.64
Jun 17 2014,6766.77
Jun 18 2014,6778.56
Jun 19 2014,6808.11
Jun 20 2014,6825.2
Jun 23 2014,6800.56
Jun 24 2014,6787.07
Jun 25 2014,6733.62
Jun 26 2014,6735.12
Jun 27 2014,6757.77
Jun 30 2014,6743.94
Jul 01 2014,6802.92
Jul 02 2014,6816.37
Jul 03 2014,6865.21
Jul 04 2014,6866.05
Jul 07 2014,6823.51
Jul 08 2014,6738.45
Jul 09 2014,6718.04
Jul 10 2014,6672.37
Jul 11 2014,6690.17
Jul 14 2014,6746.14
Jul 15 2014,6710.45
Jul 16 2014,6784.67
Jul 17 2014,6738.32
Jul 18 2014,6749.45
Jul 21 2014,6728.44
Jul 22 2014,6795.34
Jul 23 2014,6798.15
Jul 24 2014,6821.46
Jul 25 2014,6791.55
Jul 28 2014,6788.07
Jul 29 2014,6807.75
Jul 30 2014,6773.44
Jul 31 2014,6730.11
Aug 01 2014,6679.18
Aug 04 2014,6677.52
Aug 05 2014,6682.48
Aug 06 2014,6636.16
Aug 07 2014,6597.37
Aug 08 2014,6567.36
Aug 11 2014,6632.82
Aug 12 2014,6632.42
Aug 13 2014,6656.68
Aug 14 2014,6685.26
Aug 15 2014,6689.08
Aug 18 2014,6741.25
Aug 19 2014,6779.31
Aug 20 2014,6755.48
Aug 21 2014,6777.66
Aug 22 2014,6775.25
Aug 26 2014,6822.76
Aug 27 2014,6830.66
Aug 28 2014,6805.8
Aug 29 2014,6819.75
Sep 01 2014,6825.31
Sep 02 2014,6829.17
Sep 03 2014,6873.58
Sep 04 2014,6877.97
Sep 05 2014,6855.1
Sep 08 2014,6834.77
Sep 09 2014,6829
Sep 10 2014,6830.11
Sep 11 2014,6799.62
Sep 12 2014,6806.96
Sep 15 2014,6804.21
Sep 16 2014,6792.24
Sep 17 2014,6780.9
Sep 18 2014,6819.29
Sep 19 2014,6837.92
Sep 22 2014,6773.63
Sep 23 2014,6676.08
Sep 24 2014,6706.27
Sep 25 2014,6639.71
Sep 26 2014,6649.39
Sep 29 2014,6646.6
Sep 30 2014,6622.72
Oct 01 2014,6557.52
Oct 02 2014,6446.39
Oct 03 2014,6527.91
Oct 06 2014,6563.65
Oct 07 2014,6495.58
Oct 08 2014,6482.24
Oct 09 2014,6431.85
Oct 10 2014,6339.97
Oct 13 2014,6366.24
Oct 14 2014,6392.68
Oct 15 2014,6211.64
Oct 16 2014,6195.91
Oct 17 2014,6310.29
Oct 20 2014,6267.07
Oct 21 2014,6372.33
Oct 22 2014,6399.73
Oct 23 2014,6419.15
Oct 24 2014,6388.73
Oct 27 2014,6363.46
Oct 28 2014,6402.17
Oct 29 2014,6453.87
Oct 30 2014,6463.55
Oct 31 2014,6546.47
Nov 03 2014,6487.97
Nov 04 2014,6453.97
Nov 05 2014,6539.14
Nov 06 2014,6551.15
Nov 07 2014,6567.24
Nov 10 2014,6611.25
Nov 11 2014,6627.4
Nov 12 2014,6611.04
Nov 13 2014,6635.45
Nov 14 2014,6654.37
Nov 17 2014,6671.97
Nov 18 2014,6709.13
Nov 19 2014,6696.6
Nov 20 2014,6678.9
Nov 21 2014,6750.76
Nov 24 2014,6729.79
Nov 25 2014,6731.14
Nov 26 2014,6729.17
Nov 27 2014,6723.42
Nov 28 2014,6722.62
Dec 01 2014,6656.37
Dec 02 2014,6742.1
Dec 03 2014,6716.63
Dec 04 2014,6679.37
Dec 05 2014,6742.84
Dec 08 2014,6672.15
Dec 09 2014,6529.47
Dec 10 2014,6500.04
Dec 11 2014,6461.7
Dec 12 2014,6300.63
Dec 15 2014,6182.72
Dec 16 2014,6331.83
Dec 17 2014,6336.48
Dec 18 2014,6466
Dec 19 2014,6545.27
Dec 22 2014,6576.74
Dec 23 2014,6598.18
Dec 24 2014,6609.93
Dec 29 2014,6633.51
Dec 30 2014,6547
Dec 31 2014,6566.09
Jan 02 2015,6547.8
Jan 05 2015,6417.16
Jan 06 2015,6366.51
Jan 07 2015,6419.83
Jan 08 2015,6569.96
Jan 09 2015,6501.14
Jan 12 2015,6501.42
Jan 13 2015,6542.2
Jan 14 2015,6388.46
Jan 15 2015,6498.78
Jan 16 2015,6550.27
Jan 19 2015,6585.53
Jan 20 2015,6620.1
Jan 21 2015,6728.04
Jan 22 2015,6796.63
Jan 23 2015,6832.83
Jan 26 2015,6852.4
Jan 27 2015,6811.61
Jan 28 2015,6825.94
Jan 29 2015,6810.6
Jan 30 2015,6749.4
Feb 02 2015,6782.55
Feb 03 2015,6871.8
Feb 04 2015,6860.02
Feb 05 2015,6865.93
Feb 06 2015,6853.44
Feb 09 2015,6837.15
Feb 10 2015,6829.12
Feb 11 2015,6818.17
Feb 12 2015,6828.11
Feb 13 2015,6873.52
Feb 16 2015,6857.05
Feb 17 2015,6898.13
Feb 18 2015,6898.08
Feb 19 2015,6888.9
Feb 20 2015,6915.2
Feb 23 2015,6912.16
Feb 24 2015,6949.63
Feb 25 2015,6935.38
Feb 26 2015,6949.73
Feb 27 2015,6946.66
Mar 02 2015,6940.64
Mar 03 2015,6889.13
Mar 04 2015,6919.24
Mar 05 2015,6961.14
Mar 06 2015,6911.8
Mar 09 2015,6876.47
Mar 10 2015,6702.84
Mar 11 2015,6721.51
Mar 12 2015,6761.07
Mar 13 2015,6740.58
Mar 16 2015,6804.08
Mar 17 2015,6837.61
Mar 18 2015,6945.2
Mar 19 2015,6962.32
Mar 20 2015,7022.51
Mar 23 2015,7037.67
Mar 24 2015,7019.68
Mar 25 2015,6990.97
Mar 26 2015,6895.33
Mar 27 2015,6855.02
Mar 30 2015,6891.43
Mar 31 2015,6773.04
Apr 01 2015,6809.5
Apr 02 2015,6833.46
Apr 07 2015,6961.77
Apr 08 2015,6937.41
Apr 09 2015,7015.36
Apr 10 2015,7089.77
Apr 13 2015,7064.3
Apr 14 2015,7075.26
Apr 15 2015,7096.78
Apr 16 2015,7060.45
Apr 17 2015,6994.63
Apr 20 2015,7052.13
Apr 21 2015,7062.93
Apr 22 2015,7028.24
Apr 23 2015,7053.67
Apr 24 2015,7070.7
Apr 27 2015,7103.98
Apr 28 2015,7030.53
Apr 29 2015,6946.28
Apr 30 2015,6960.63
May 01 2015,6985.95
May 05 2015,6927.58
May 06 2015,6933.74
May 07 2015,6886.95
May 08 2015,7046.82
May 11 2015,7029.85
May 12 2015,6933.8
May 13 2015,6949.63
May 14 2015,6973.04
May 15 2015,6960.49
May 18 2015,6968.87
May 19 2015,6995.1
May 20 2015,7007.26
May 21 2015,7013.47
May 22 2015,7031.72
May 26 2015,6948.99
May 27 2015,7033.33
May 28 2015,7040.92
May 29 2015,6984.43
Jun 01 2015,6953.58
Jun 02 2015,6928.27
Jun 03 2015,6950.46
Jun 04 2015,6859.24
Jun 05 2015,6804.6
Jun 08 2015,6790.04
Jun 09 2015,6753.8
Jun 10 2015,6830.27
Jun 11 2015,6846.74
Jun 12 2015,6784.92
Jun 15 2015,6710.52
Jun 16 2015,6710.1
Jun 17 2015,6680.55
Jun 18 2015,6707.88
Jun 19 2015,6710.45
Jun 22 2015,6825.67
Jun 23 2015,6834.87
Jun 24 2015,6844.8
Jun 25 2015,6807.82
Jun 26 2015,6753.7
Jun 29 2015,6620.48
Jun 30 2015,6520.98
Jul 01 2015,6608.59
Jul 02 2015,6630.47
Jul 03 2015,6585.78
Jul 06 2015,6535.68
Jul 07 2015,6432.21
Jul 08 2015,6490.7
Jul 09 2015,6581.63
Jul 10 2015,6673.38
Jul 13 2015,6737.95
Jul 14 2015,6753.75
Jul 15 2015,6753.75
Jul 16 2015,6796.45
Jul 17 2015,6775.08
Jul 20 2015,6788.69
Jul 21 2015,6769.07
Jul 22 2015,6667.34
Jul 23 2015,6655.01
Jul 24 2015,6579.81
Jul 27 2015,6505.13
Jul 28 2015,6555.28
Jul 29 2015,6631
Jul 30 2015,6668.87
Jul 31 2015,6696.28
Aug 03 2015,6688.62
Aug 04 2015,6686.57
Aug 05 2015,6752.41
Aug 06 2015,6747.09
Aug 07 2015,6718.49
Aug 10 2015,6736.22
Aug 11 2015,6664.54
Aug 12 2015,6571.19
Aug 13 2015,6568.33
Aug 14 2015,6550.74
Aug 17 2015,6550.3
Aug 18 2015,6526.29
Aug 19 2015,6403.45
Aug 20 2015,6367.89
Aug 21 2015,6187.65
Aug 24 2015,5898.87
Aug 25 2015,6081.34
Aug 26 2015,5979.2
Aug 27 2015,6192.03
Aug 28 2015,6247.94
Sep 01 2015,6058.54
Sep 02 2015,6083.31
Sep 03 2015,6194.1
Sep 04 2015,6042.92
Sep 07 2015,6074.52
Sep 08 2015,6146.1
Sep 09 2015,6229.01
Sep 10 2015,6155.81
Sep 11 2015,6117.76
Sep 14 2015,6084.59
Sep 15 2015,6137.6
Sep 16 2015,6229.21
Sep 17 2015,6186.99
Sep 18 2015,6104.11
Sep 21 2015,6108.71
Sep 22 2015,5935.84
Sep 23 2015,6032.24
Sep 24 2015,5961.49
Sep 25 2015,6109.01
Sep 28 2015,5958.86
Sep 29 2015,5909.24
Sep 30 2015,6061.61
Oct 01 2015,6072.47
Oct 02 2015,6129.98
Oct 05 2015,6298.92
Oct 06 2015,6326.16
Oct 07 2015,6336.35
Oct 08 2015,6374.82
Oct 09 2015,6416.16
Oct 12 2015,6371.18
Oct 13 2015,6342.28
Oct 14 2015,6269.61
Oct 15 2015,6338.67
Oct 16 2015,6378.04
Oct 19 2015,6352.33
Oct 20 2015,6345.13
Oct 21 2015,6348.42
Oct 22 2015,6376.28
Oct 23 2015,6444.08
Oct 26 2015,6417.02
Oct 27 2015,6365.27
Oct 28 2015,6437.8
Oct 29 2015,6395.8
Oct 30 2015,6361.09
Nov 02 2015,6361.8
Nov 03 2015,6383.61
Nov 04 2015,6412.88
Nov 05 2015,6364.9
Nov 06 2015,6353.83
Nov 09 2015,6295.16
Nov 10 2015,6275.28
Nov 11 2015,6297.2
Nov 12 2015,6178.68
Nov 13 2015,6118.28
Nov 16 2015,6146.38
Nov 17 2015,6268.76
Nov 18 2015,6278.97
Nov 19 2015,6329.93
Nov 20 2015,6334.63
Nov 23 2015,6305.49
Nov 24 2015,6277.23
Nov 25 2015,6337.64
Nov 26 2015,6393.13
Nov 27 2015,6375.15
Nov 30 2015,6356.09
Dec 01 2015,6395.65
Dec 02 2015,6420.93
Dec 03 2015,6275
Dec 04 2015,6238.29
Dec 07 2015,6223.52
Dec 08 2015,6135.22
Dec 09 2015,6126.68
Dec 10 2015,6088.05
Dec 11 2015,5952.78
Dec 14 2015,5874.06
Dec 15 2015,6017.79
Dec 16 2015,6061.19
Dec 17 2015,6102.54
Dec 18 2015,6052.42
Dec 21 2015,6034.84
Dec 22 2015,6083.1
Dec 23 2015,6240.98
Dec 24 2015,6254.64
Dec 29 2015,6314.57
Dec 30 2015,6274.05
Dec 31 2015,6242.32
Jan 04 2016,6093.43
Jan 05 2016,6137.24
Jan 06 2016,6073.38
Jan 07 2016,5954.08
Jan 08 2016,5912.44
Jan 11 2016,5871.83
Jan 12 2016,5929.24
Jan 13 2016,5960.97
Jan 14 2016,5918.23
Jan 15 2016,5804.1
Jan 18 2016,5779.92
Jan 19 2016,5876.8
Jan 20 2016,5673.58
Jan 21 2016,5773.79
Jan 22 2016,5900.01
Jan 25 2016,5877
Jan 26 2016,5911.46
Jan 27 2016,5990.37
Jan 28 2016,5931.78
Jan 29 2016,6083.79
Feb 01 2016,6060.1
Feb 02 2016,5922.01
Feb 03 2016,5837.14
Feb 04 2016,5898.76
Feb 05 2016,5848.06
Feb 08 2016,5689.36
Feb 09 2016,5632.19
Feb 10 2016,5672.3
Feb 11 2016,5536.97
Feb 12 2016,5707.6
Feb 15 2016,5824.28
Feb 16 2016,5862.17
Feb 17 2016,6030.32
Feb 18 2016,5971.95
Feb 19 2016,5950.23
Feb 22 2016,6037.73
Feb 23 2016,5962.31
Feb 24 2016,5867.18
Feb 25 2016,6012.81
Feb 26 2016,6096.01
Feb 29 2016,6097.09
Mar 01 2016,6152.88
Mar 02 2016,6147.06
Mar 03 2016,6130.46
Mar 04 2016,6199.43
Mar 07 2016,6182.4
Mar 08 2016,6125.44
Mar 09 2016,6146.32
Mar 10 2016,6036.7
Mar 11 2016,6139.79
Mar 14 2016,6174.57
Mar 15 2016,6139.97
Mar 16 2016,6175.49
Mar 17 2016,6201.12
Mar 18 2016,6189.64
Mar 21 2016,6184.58
Mar 22 2016,6192.74
Mar 23 2016,6199.11
Mar 24 2016,6106.48
Mar 29 2016,6105.9
Mar 30 2016,6203.17
Mar 31 2016,6174.9
Apr 01 2016,6146.05
Apr 04 2016,6164.72
Apr 05 2016,6091.23
Apr 06 2016,6161.63
Apr 07 2016,6136.89
Apr 08 2016,6204.41
Apr 11 2016,6200.12
Apr 12 2016,6242.39
Apr 13 2016,6362.89
Apr 14 2016,6365.1
Apr 15 2016,6343.75
Apr 18 2016,6353.52
Apr 19 2016,6405.35
Apr 20 2016,6410.26
Apr 21 2016,6381.44
Apr 22 2016,6310.44
Apr 25 2016,6260.92
Apr 26 2016,6284.52
Apr 27 2016,6319.91
Apr 28 2016,6322.4
Apr 29 2016,6241.89
May 03 2016,6185.59
May 04 2016,6112.02
May 05 2016,6117.25
May 06 2016,6125.7
May 09 2016,6114.81
May 10 2016,6156.65
May 11 2016,6162.49
May 12 2016,6104.19
May 13 2016,6138.5
May 16 2016,6151.4
May 17 2016,6167.77
May 18 2016,6165.8
May 19 2016,6053.35
May 20 2016,6156.32
May 23 2016,6136.43
May 24 2016,6219.26
May 25 2016,6262.85
May 26 2016,6265.65
May 27 2016,6270.79
May 31 2016,6230.79
Jun 01 2016,6191.93
Jun 02 2016,6185.61
Jun 03 2016,6209.63
Jun 06 2016,6273.4
Jun 07 2016,6284.53
Jun 08 2016,6301.52
Jun 09 2016,6231.89
Jun 10 2016,6115.76
Jun 13 2016,6044.97
Jun 14 2016,5923.53
Jun 15 2016,5966.8
Jun 16 2016,5950.48
Jun 17 2016,6021.09
Jun 20 2016,6204
Jun 21 2016,6226.55
Jun 22 2016,6261.19
Jun 23 2016,6338.1
Jun 24 2016,6138.69
Jun 27 2016,5982.2
Jun 28 2016,6140.39
Jun 29 2016,6360.06
Jun 30 2016,6504.33
Jul 01 2016,6577.83
Jul 04 2016,6522.26
Jul 05 2016,6545.37
Jul 06 2016,6463.59
Jul 07 2016,6533.79
Jul 08 2016,6590.64
Jul 11 2016,6682.86
Jul 12 2016,6680.69
Jul 13 2016,6670.4
Jul 14 2016,6654.47
Jul 15 2016,6669.24
Jul 18 2016,6695.42
Jul 19 2016,6697.37
Jul 20 2016,6728.99
Jul 21 2016,6699.89
Jul 22 2016,6730.48
Jul 25 2016,6710.13
Jul 26 2016,6724.03
Jul 27 2016,6750.43
Jul 28 2016,6721.06
Jul 29 2016,6724.43
Aug 01 2016,6693.95
Aug 02 2016,6645.4
Aug 03 2016,6634.4
Aug 04 2016,6740.16
Aug 05 2016,6793.47
Aug 08 2016,6809.13
Aug 09 2016,6851.3
Aug 10 2016,6866.42
Aug 11 2016,6914.71
Aug 12 2016,6916.02
Aug 15 2016,6941.19
Aug 16 2016,6893.92
Aug 17 2016,6859.15
Aug 18 2016,6868.96
Aug 19 2016,6858.95
Aug 22 2016,6828.54
Aug 23 2016,6868.51
Aug 24 2016,6835.78
Aug 25 2016,6816.9
Aug 26 2016,6838.05
Aug 30 2016,6820.79
Aug 31 2016,6781.51
Sep 01 2016,6745.97
Sep 02 2016,6894.6
Sep 05 2016,6879.42
Sep 06 2016,6826.05
Sep 07 2016,6846.58
Sep 08 2016,6858.7
Sep 09 2016,6776.95
Sep 12 2016,6700.9
Sep 13 2016,6665.63
Sep 14 2016,6673.31
Sep 15 2016,6730.3
Sep 16 2016,6710.28
Sep 19 2016,6813.55
Sep 20 2016,6830.79
Sep 21 2016,6834.77
Sep 22 2016,6911.4
Sep 23 2016,6909.43
Sep 26 2016,6818.04
Sep 27 2016,6807.67
Sep 28 2016,6849.38
Sep 29 2016,6919.42
Sep 30 2016,6899.33
Oct 03 2016,6983.52
Oct 04 2016,7074.34
Oct 05 2016,7033.25
Oct 06 2016,6999.96
Oct 07 2016,7044.39
Oct 10 2016,7097.5
Oct 11 2016,7070.88
Oct 12 2016,7024.01
Oct 13 2016,6977.74
Oct 14 2016,7013.55
Oct 17 2016,6947.55
Oct 18 2016,7000.06
Oct 19 2016,7021.92
Oct 20 2016,7026.9
Oct 21 2016,7020.47
Oct 24 2016,6986.4
Oct 25 2016,7017.64
Oct 26 2016,6958.09
Oct 27 2016,6986.57
Oct 28 2016,6996.26
Oct 31 2016,6954.22
Nov 01 2016,6917.14
Nov 02 2016,6845.42
Nov 03 2016,6790.51
Nov 04 2016,6693.26
Nov 07 2016,6806.9
Nov 08 2016,6843.13
Nov 09 2016,6911.84
Nov 10 2016,6827.98
Nov 11 2016,6730.43
Nov 14 2016,6753.18
Nov 15 2016,6792.74
Nov 16 2016,6749.72
Nov 17 2016,6794.71
Nov 18 2016,6775.77
Nov 21 2016,6777.96
Nov 22 2016,6819.72
Nov 23 2016,6817.71
Nov 24 2016,6829.2
Nov 25 2016,6840.75
Nov 28 2016,6799.47
Nov 29 2016,6772
Nov 30 2016,6783.79
Dec 01 2016,6752.93
Dec 02 2016,6730.72
Dec 05 2016,6746.83
Dec 06 2016,6779.84
Dec 07 2016,6902.23
Dec 08 2016,6931.55
Dec 09 2016,6954.21
Dec 12 2016,6890.42
Dec 13 2016,6968.57
Dec 14 2016,6949.19
Dec 15 2016,6999.01
Dec 16 2016,7011.64
Dec 19 2016,7017.16
Dec 20 2016,7043.96
Dec 21 2016,7041.42
Dec 22 2016,7063.68
Dec 23 2016,7068.17
Dec 28 2016,7106.08
Dec 29 2016,7120.26
Dec 30 2016,7142.83
Jan 03 2017,7177.89
Jan 04 2017,7189.74
Jan 05 2017,7195.31
Jan 06 2017,7210.05
Jan 09 2017,7237.77
Jan 10 2017,7275.47
Jan 11 2017,7290.49
Jan 12 2017,7292.37
Jan 13 2017,7337.81
Jan 16 2017,7327.13
Jan 17 2017,7220.38
Jan 18 2017,7247.61
Jan 19 2017,7208.44
Jan 20 2017,7198.44
Jan 23 2017,7151.18
Jan 24 2017,7150.34
Jan 25 2017,7164.43
Jan 26 2017,7161.49
Jan 27 2017,7184.49
Jan 30 2017,7118.48
Jan 31 2017,7099.15
Feb 01 2017,7107.65
Feb 02 2017,7140.75
Feb 03 2017,7188.3
Feb 06 2017,7172.15
Feb 07 2017,7186.22
Feb 08 2017,7188.82
Feb 09 2017,7229.5
Feb 10 2017,7258.75
Feb 13 2017,7278.92
Feb 14 2017,7268.56
Feb 15 2017,7302.41
Feb 16 2017,7277.92
Feb 17 2017,7299.96
Feb 20 2017,7299.86
Feb 21 2017,7274.83
Feb 22 2017,7302.25
Feb 23 2017,7271.37
Feb 24 2017,7243.7
Feb 27 2017,7253
Feb 28 2017,7263.44
Mar 01 2017,7382.9
Mar 02 2017,7382.35
Mar 03 2017,7374.26
Mar 06 2017,7350.12
Mar 07 2017,7338.99
Mar 08 2017,7334.61
Mar 09 2017,7314.96
Mar 10 2017,7343.08
Mar 13 2017,7367.08
Mar 14 2017,7357.85
Mar 15 2017,7368.64
Mar 16 2017,7415.95
Mar 17 2017,7424.96
Mar 20 2017,7429.81
Mar 21 2017,7378.34
Mar 22 2017,7324.72
Mar 23 2017,7340.71
Mar 24 2017,7336.82
Mar 27 2017,7293.5
Mar 28 2017,7343.42
Mar 29 2017,7373.72
Mar 30 2017,7369.52
Mar 31 2017,7322.92
Apr 03 2017,7282.69
Apr 04 2017,7321.82
Apr 05 2017,7331.68
Apr 06 2017,7303.2
Apr 07 2017,7349.37
Apr 10 2017,7348.94
Apr 11 2017,7365.5
Apr 12 2017,7348.99
Apr 13 2017,7327.59
Apr 18 2017,7147.5
Apr 19 2017,7114.36
Apr 20 2017,7118.54
Apr 21 2017,7114.55
Apr 24 2017,7264.68
Apr 25 2017,7275.64
Apr 26 2017,7288.72
Apr 27 2017,7237.17
Apr 28 2017,7203.94
May 02 2017,7250.05
May 03 2017,7234.53
May 04 2017,7248.1
May 05 2017,7297.43
May 08 2017,7300.86
May 09 2017,7342.21
May 10 2017,7385.24
May 11 2017,7386.63
May 12 2017,7435.39
May 15 2017,7454.37
May 16 2017,7522.03
May 17 2017,7503.47
May 18 2017,7436.42
May 19 2017,7470.71
May 22 2017,7496.34
May 23 2017,7485.29
May 24 2017,7514.9
May 25 2017,7517.71
May 26 2017,7547.63
May 30 2017,7526.51
May 31 2017,7519.95
Jun 01 2017,7543.77
Jun 02 2017,7547.63
Jun 05 2017,7525.76
Jun 06 2017,7524.95
Jun 07 2017,7478.62
Jun 08 2017,7449.98
Jun 09 2017,7527.33
Jun 12 2017,7511.87
Jun 13 2017,7500.44
Jun 14 2017,7474.4
Jun 15 2017,7419.36
Jun 16 2017,7463.54
Jun 19 2017,7523.81
Jun 20 2017,7472.71
Jun 21 2017,7447.79
Jun 22 2017,7439.29
Jun 23 2017,7424.13
Jun 26 2017,7446.8
Jun 27 2017,7434.36
Jun 28 2017,7387.8
Jun 29 2017,7350.32
Jun 30 2017,7312.72
Jul 03 2017,7377.09
Jul 04 2017,7357.23
Jul 05 2017,7367.6
Jul 06 2017,7337.28
Jul 07 2017,7350.92
Jul 10 2017,7370.03
Jul 11 2017,7329.76
Jul 12 2017,7416.93
Jul 13 2017,7413.44
Jul 14 2017,7378.39
Jul 17 2017,7404.13
Jul 18 2017,7390.22
Jul 19 2017,7430.91
Jul 20 2017,7487.87
Jul 21 2017,7452.91
Jul 24 2017,7377.73
Jul 25 2017,7434.82
Jul 26 2017,7452.32
Jul 27 2017,7443.01
Jul 28 2017,7368.37
Jul 31 2017,7372
Aug 01 2017,7423.66
Aug 02 2017,7411.43
Aug 03 2017,7474.77
Aug 04 2017,7511.71
Aug 07 2017,7531.94
Aug 08 2017,7542.73
Aug 09 2017,7498.06
Aug 10 2017,7389.94
Aug 11 2017,7309.96
Aug 14 2017,7353.89
Aug 15 2017,7383.85
Aug 16 2017,7433.03
Aug 17 2017,7387.87
Aug 18 2017,7323.98
Aug 21 2017,7318.88
Aug 22 2017,7381.74
Aug 23 2017,7382.65
Aug 24 2017,7407.06
Aug 25 2017,7401.46
Aug 29 2017,7337.43
Aug 30 2017,7365.26
Aug 31 2017,7430.62
Sep 01 2017,7438.5
Sep 04 2017,7411.47
Sep 05 2017,7372.92
Sep 06 2017,7354.13
Sep 07 2017,7396.98
Sep 08 2017,7377.6
Sep 11 2017,7413.59
Sep 12 2017,7400.69
Sep 13 2017,7379.7
Sep 14 2017,7295.39
Sep 15 2017,7215.47
Sep 18 2017,7253.28
Sep 19 2017,7275.25
Sep 20 2017,7271.95
Sep 21 2017,7263.9
Sep 22 2017,7310.64
Sep 25 2017,7301.29
Sep 26 2017,7285.74
Sep 27 2017,7313.51
Sep 28 2017,7322.82
Sep 29 2017,7372.76
Oct 02 2017,7438.84
Oct 03 2017,7468.11
Oct 04 2017,7467.58
Oct 05 2017,7507.99
Oct 06 2017,7522.87
Oct 09 2017,7507.89
Oct 10 2017,7538.27
Oct 11 2017,7533.81
Oct 12 2017,7556.24
Oct 13 2017,7535.44
Oct 16 2017,7526.97
Oct 17 2017,7516.17
Oct 18 2017,7542.87
Oct 19 2017,7523.04
Oct 20 2017,7523.23
Oct 23 2017,7524.45
Oct 24 2017,7526.54
Oct 25 2017,7447.21
Oct 26 2017,7486.5
Oct 27 2017,7505.03
Oct 30 2017,7487.81
Oct 31 2017,7493.08
Nov 01 2017,7487.96
Nov 02 2017,7555.32
Nov 03 2017,7560.35
Nov 06 2017,7562.28
Nov 07 2017,7513.11
Nov 08 2017,7529.72
Nov 09 2017,7484.1
Nov 10 2017,7432.99
Nov 13 2017,7415.18
Nov 14 2017,7414.42
Nov 15 2017,7372.61
Nov 16 2017,7386.94
Nov 17 2017,7380.68
Nov 20 2017,7389.46
Nov 21 2017,7411.34
Nov 22 2017,7419.02
Nov 23 2017,7417.24
Nov 24 2017,7409.64
Nov 27 2017,7383.9
Nov 28 2017,7460.65
Nov 29 2017,7393.56
Nov 30 2017,7326.67
Dec 01 2017,7300.49
Dec 04 2017,7338.97
Dec 05 2017,7327.5
Dec 06 2017,7348.03
Dec 07 2017,7320.75
Dec 08 2017,7393.96
Dec 11 2017,7453.48
Dec 12 2017,7500.41
Dec 13 2017,7496.51
Dec 14 2017,7448.12
Dec 15 2017,7490.57
Dec 18 2017,7537.01
Dec 19 2017,7544.09
Dec 20 2017,7525.22
Dec 21 2017,7603.98
Dec 22 2017,7592.66
Dec 27 2017,7620.68
Dec 28 2017,7622.88
Dec 29 2017,7687.77
Jan 02 2018,7648.1
Jan 03 2018,7671.11
Jan 04 2018,7695.88
Jan 05 2018,7724.22
Jan 08 2018,7696.51
Jan 09 2018,7731.02
Jan 10 2018,7748.51
Jan 11 2018,7762.94
Jan 12 2018,7778.64
Jan 15 2018,7769.14
Jan 16 2018,7755.93
Jan 17 2018,7725.43
Jan 18 2018,7700.96
Jan 19 2018,7730.79
Jan 22 2018,7715.44
Jan 23 2018,7731.83
Jan 24 2018,7643.43
Jan 25 2018,7615.84
Jan 26 2018,7665.54
Jan 29 2018,7671.53
Jan 30 2018,7587.98
Jan 31 2018,7533.55
Feb 01 2018,7490.39
Feb 02 2018,7443.43
Feb 05 2018,7334.98
Feb 06 2018,7141.4
Feb 07 2018,7279.42
Feb 08 2018,7170.69
Feb 09 2018,7092.43
Feb 12 2018,7177.06
Feb 13 2018,7168.01
Feb 14 2018,7213.97
Feb 15 2018,7234.81
Feb 16 2018,7294.7
Feb 19 2018,7247.66
Feb 20 2018,7246.77
Feb 21 2018,7281.57
Feb 22 2018,7252.39
Feb 23 2018,7244.41
Feb 26 2018,7289.58
Feb 27 2018,7282.45
Feb 28 2018,7231.91
Mar 01 2018,7175.64
Mar 02 2018,7069.9
Mar 05 2018,7115.98
Mar 06 2018,7146.75
Mar 07 2018,7157.84
Mar 08 2018,7203.24
Mar 09 2018,7224.51
Mar 12 2018,7214.76
Mar 13 2018,7138.78
Mar 14 2018,7132.69
Mar 15 2018,7139.76
Mar 16 2018,7164.14
Mar 19 2018,7042.93
Mar 20 2018,7061.27
Mar 21 2018,7038.97
Mar 22 2018,6952.59
Mar 23 2018,6921.94
Mar 26 2018,6888.69
Mar 27 2018,7000.14
Mar 28 2018,7044.74
Mar 29 2018,7056.61
Apr 03 2018,7030.46
Apr 04 2018,7034.01
Apr 05 2018,7199.5
Apr 06 2018,7183.64
Apr 09 2018,7194.75
Apr 10 2018,7266.75
Apr 11 2018,7257.14
Apr 12 2018,7258.34
Apr 13 2018,7264.56
Apr 16 2018,7198.2
Apr 17 2018,7226.05
Apr 18 2018,7317.34
Apr 19 2018,7328.92
Apr 20 2018,7368.17
Apr 23 2018,7398.87
Apr 24 2018,7425.4
Apr 25 2018,7379.32
Apr 26 2018,7421.43
Apr 27 2018,7502.21
Apr 30 2018,7509.3
May 01 2018,7520.36
May 02 2018,7543.2
May 03 2018,7502.69
May 04 2018,7567.14
May 08 2018,7565.75
May 09 2018,7662.52
May 10 2018,7700.97
May 11 2018,7724.55
May 14 2018,7710.98
May 15 2018,7722.98
May 16 2018,7734.2
May 17 2018,7787.97
May 18 2018,7778.79
May 21 2018,7859.17
May 22 2018,7877.45
May 23 2018,7788.44
May 24 2018,7716.74
May 25 2018,7730.28
May 29 2018,7632.64
May 30 2018,7689.57
May 31 2018,7678.2
Jun 01 2018,7701.77
Jun 04 2018,7741.29
Jun 05 2018,7686.8
Jun 06 2018,7712.37
Jun 07 2018,7704.4
Jun 08 2018,7681.07
Jun 11 2018,7737.43
Jun 12 2018,7703.81
Jun 13 2018,7703.71
Jun 14 2018,7765.79
Jun 15 2018,7633.91
Jun 18 2018,7631.33
Jun 19 2018,7603.85
Jun 20 2018,7627.4
Jun 21 2018,7556.44
Jun 22 2018,7682.27
Jun 25 2018,7509.84
Jun 26 2018,7537.92
Jun 27 2018,7621.69
Jun 28 2018,7615.63
Jun 29 2018,7636.93
Jul 02 2018,7547.85
Jul 03 2018,7593.29
Jul 04 2018,7573.09
Jul 05 2018,7603.22
Jul 06 2018,7617.7
Jul 09 2018,7687.99
Jul 10 2018,7692.04
Jul 11 2018,7591.96
Jul 12 2018,7651.33
Jul 13 2018,7661.87
Jul 16 2018,7600.45
Jul 17 2018,7626.33
Jul 18 2018,7676.28
Jul 19 2018,7683.97
Jul 20 2018,7678.79
Jul 23 2018,7655.79
Jul 24 2018,7709.05
Jul 25 2018,7658.26
Jul 26 2018,7663.17
Jul 27 2018,7701.31
Jul 30 2018,7700.85
Jul 31 2018,7748.76
Aug 01 2018,7652.91
Aug 02 2018,7575.93
Aug 03 2018,7659.1
Aug 06 2018,7663.78
Aug 07 2018,7718.48
Aug 08 2018,7776.65
Aug 09 2018,7741.77
Aug 10 2018,7667.01
Aug 13 2018,7642.45
Aug 14 2018,7611.64
Aug 15 2018,7497.87
Aug 16 2018,7556.38
Aug 17 2018,7558.59
Aug 20 2018,7591.26
Aug 21 2018,7565.7
Aug 22 2018,7574.24
Aug 23 2018,7563.22
Aug 24 2018,7577.49
Aug 28 2018,7617.22
Aug 29 2018,7563.21
Aug 30 2018,7516.03
Aug 31 2018,7432.42
Sep 03 2018,7504.6
Sep 04 2018,7457.86
Sep 05 2018,7383.28
Sep 06 2018,7318.96
Sep 07 2018,7277.7
Sep 10 2018,7279.3
Sep 11 2018,7273.54
Sep 12 2018,7313.36
Sep 13 2018,7281.57
Sep 14 2018,7304.04
Sep 17 2018,7302.1
Sep 18 2018,7300.23
Sep 19 2018,7331.12
Sep 20 2018,7367.32
Sep 21 2018,7490.23
Sep 24 2018,7458.41
Sep 25 2018,7507.56
Sep 26 2018,7511.49
Sep 27 2018,7545.44
Sep 28 2018,7510.2
Oct 01 2018,7495.67
Oct 02 2018,7474.55
Oct 03 2018,7510.28
Oct 04 2018,7418.34
Oct 05 2018,7318.54
Oct 08 2018,7233.33
Oct 09 2018,7237.59
Oct 10 2018,7145.74
Oct 11 2018,7006.93
Oct 12 2018,6995.91
Oct 15 2018,7029.22
Oct 16 2018,7059.4
Oct 17 2018,7054.6
Oct 18 2018,7026.99
Oct 19 2018,7049.8
Oct 22 2018,7042.8
Oct 23 2018,6955.21
Oct 24 2018,6962.98
Oct 25 2018,7004.1
Oct 26 2018,6939.56
Oct 29 2018,7026.32
Oct 30 2018,7035.85
Oct 31 2018,7128.1
Nov 01 2018,7114.66
Nov 02 2018,7094.12
Nov 05 2018,7103.84
Nov 06 2018,7040.68
Nov 07 2018,7117.28
Nov 08 2018,7140.68
Nov 09 2018,7105.34
Nov 12 2018,7053.08
Nov 13 2018,7053.76
Nov 14 2018,7033.79
Nov 15 2018,7038.01
Nov 16 2018,7013.88
Nov 19 2018,7000.89
Nov 20 2018,6947.92
Nov 21 2018,7050.23
Nov 22 2018,6960.32
Nov 23 2018,6952.86
Nov 26 2018,7036
Nov 27 2018,7016.85
Nov 28 2018,7004.52
Nov 29 2018,7038.95
Nov 30 2018,6980.24
Dec 03 2018,7062.41
Dec 04 2018,7022.76
Dec 05 2018,6921.84
Dec 06 2018,6704.05
Dec 07 2018,6778.11
Dec 10 2018,6721.54
Dec 11 2018,6806.94
Dec 12 2018,6880.19
Dec 13 2018,6877.5
Dec 14 2018,6845.17
Dec 17 2018,6773.24
Dec 18 2018,6701.59
Dec 19 2018,6765.94
Dec 20 2018,6711.93
Dec 21 2018,6721.17
Dec 24 2018,6685.99
Dec 27 2018,6584.68
Dec 28 2018,6733.97
Dec 31 2018,6728.13
Jan 02 2019,6734.23
Jan 03 2019,6692.66
Jan 04 2019,6837.42
Jan 07 2019,6810.88
Jan 08 2019,6861.6
Jan 09 2019,6906.63
Jan 10 2019,6942.87
Jan 11 2019,6918.18
Jan 14 2019,6855.02
Jan 15 2019,6895.02
Jan 16 2019,6862.68
Jan 17 2019,6834.92
Jan 18 2019,6968.33
Jan 21 2019,6970.59
Jan 22 2019,6901.39
Jan 23 2019,6842.88
Jan 24 2019,6818.95
Jan 25 2019,6809.22
Jan 28 2019,6747.1
Jan 29 2019,6833.93
Jan 30 2019,6941.63
Jan 31 2019,6968.85
Feb 01 2019,7020.22
Feb 04 2019,7034.13
Feb 05 2019,7177.37
Feb 06 2019,7173.09
Feb 07 2019,7093.58
Feb 08 2019,7071.18
Feb 11 2019,7129.11
Feb 12 2019,7133.14
Feb 13 2019,7190.84
Feb 14 2019,7197.01
Feb 15 2019,7236.68
Feb 18 2019,7219.47
Feb 19 2019,7179.17
Feb 20 2019,7228.62
Feb 21 2019,7167.39
Feb 22 2019,7178.6
Feb 25 2019,7183.74
Feb 26 2019,7151.12
Feb 27 2019,7107.2
Feb 28 2019,7074.73
Mar 01 2019,7106.73
Mar 04 2019,7134.39
Mar 05 2019,7183.43
Mar 06 2019,7196
Mar 07 2019,7157.55
Mar 08 2019,7104.31
Mar 11 2019,7130.62
Mar 12 2019,7151.15
Mar 13 2019,7159.19
Mar 14 2019,7185.43
Mar 15 2019,7228.28
Mar 18 2019,7299.19
Mar 19 2019,7324
Mar 20 2019,7291.01
Mar 21 2019,7355.31
Mar 22 2019,7207.59
Mar 25 2019,7177.58
Mar 26 2019,7196.29
Mar 27 2019,7194.19
Mar 28 2019,7234.33
Mar 29 2019,7279.19
